Schedule,Block 1 Rotation,Block 1 Site,Block 2 Rotation,Block 2 Site,Block 3 Rotation,Block 3 Site,Block 4 Rotation,Block 4 Site,Block 5 Rotation,Block 5 Site,Block 6 Rotation,Block 6 Site,Block 7 Rotation,Block 7 Site,Block 8 Rotation,Block 8 Site,Block 9 Rotation,Block 9 Site,Max Pairwise Distance (min),Dominant City
0,Elective,Generic Elective,Psychiatry,"Summa Health Systems, Akron Campus",Surgery,"Cleveland Clinic Akron General, Akron Campus",Emergency Medicine,"Summa Health Systems, Akron Campus",Pediatrics,"Akron Children's Hospital, Akron Campus",Family Medicine,Aultman Hospital,Internal Medicine,"Summa Health Systems, Akron Campus",Internal Medicine,"Summa Health Systems, Akron Campus",Obstetrics/Gynecology,"Summa Health Systems, Akron Campus",28.4,Akron
1,Surgery,"Cleveland Clinic Akron General, Akron Campus",Emergency Medicine,"Summa Health Systems, Akron Campus",Obstetrics/Gynecology,"Cleveland Clinic Akron General, Akron Campus",Psychiatry,"Cleveland Clinic Akron General, Akron Campus",Pediatrics,"Akron Children's Hospital, Akron Campus",Family Medicine,"Cleveland Clinic Akron General, Akron Campus",Internal Medicine,Aultman/Mercy,Internal Medicine,Aultman/Mercy,Elective,Generic Elective,28.4,Akron
2,Internal Medicine,"Cleveland Clinic Akron General, Akron Campus",Internal Medicine,"Cleveland Clinic Akron General, Akron Campus",Elective,Generic Elective,Surgery,"Cleveland Clinic Akron General, Akron Campus",Emergency Medicine,"Cleveland Clinic Akron General, Akron Campus",Pediatrics,"Akron Children's Hospital, Akron Campus",Family Medicine,"Summa Health Systems, Barberton Campus",Psychiatry,"Cleveland Clinic Akron General, Akron Campus",Obstetrics/Gynecology,"Cleveland Clinic Akron General, Akron Campus",15.8,Akron
3,Internal Medicine,University Hospitals St. John Medical Center,Internal Medicine,University Hospitals St. John Medical Center,Elective,Generic Elective,Surgery,University Hospitals Cleveland Medical Center,Emergency Medicine,University Hospitals Ahuja Medical Center,Family Medicine,MetroHealth Medical Center,Psychiatry,Louis Stokes Cleveland VA,Pediatrics,"Akron Children's Hospital, Akron Campus",Obstetrics/Gynecology,OhioHealth Riverside Methodist Hospital,133.2,Eastern Cleveland
4,Psychiatry,"Summa Health Systems, Akron Campus",Obstetrics/Gynecology,"Summa Health Systems, Akron Campus",Pediatrics,"Akron Children's Hospital, Akron Campus",Elective,Generic Elective,Internal Medicine,"Summa Health Systems, Akron Campus",Internal Medicine,"Summa Health Systems, Akron Campus",Family Medicine,Mercy Health St. Elizabeth Boardman Hospital,Emergency Medicine,"Summa Health Systems, Akron Campus",Surgery,"Summa Health Systems, Akron Campus",57.4,Akron
5,Surgery,"Summa Health Systems, Akron Campus",Emergency Medicine,"Summa Health Systems, Akron Campus",Elective,Generic Elective,Psychiatry,Northcoast Behavioral Health,Pediatrics,"Akron Children's Hospital, Akron Campus",Obstetrics/Gynecology,Aultman Hospital,Internal Medicine,Aultman/Mercy,Internal Medicine,Aultman/Mercy,Family Medicine,"Summa Health Systems, Barberton Campus",50.3,Akron
6,Emergency Medicine,"Summa Health Systems, Akron Campus",Surgery,"Summa Health Systems, Akron Campus",Psychiatry,"Summa Health Systems, Akron Campus",Obstetrics/Gynecology,"Summa Health Systems, Akron Campus",Elective,Generic Elective,Pediatrics,"Akron Children's Hospital, Akron Campus",Internal Medicine,"Summa Health Systems, Akron Campus",Internal Medicine,"Summa Health Systems, Akron Campus",Family Medicine,"Summa Health Systems, Akron Campus",6.6,Akron
7,Internal Medicine,Aultman/Mercy,Internal Medicine,Aultman/Mercy,Family Medicine,Aultman Hospital,Psychiatry,University Hospitals Cleveland Medical Center,Pediatrics,"Akron Children's Hospital, Akron Campus",Emergency Medicine,Cleveland Clinic Union Hospital,Surgery,Aultman Hospital,Obstetrics/Gynecology,Aultman Hospital,Elective,Generic Elective,79.4,Canton
8,Obstetrics/Gynecology,"Summa Health Systems, Akron Campus",Psychiatry,Northcoast Behavioral Health,Internal Medicine,"Summa Health Systems, Akron Campus",Internal Medicine,"Summa Health Systems, Akron Campus",Surgery,"Summa Health Systems, Akron Campus",Emergency Medicine,"Summa Health Systems, Akron Campus",Family Medicine,"Summa Health Systems, Akron Campus",Pediatrics,"Akron Children's Hospital, Akron Campus",Elective,Generic Elective,31.6,Akron
9,Internal Medicine,"Summa Health Systems, Akron Campus",Internal Medicine,"Summa Health Systems, Akron Campus",Psychiatry,"Summa Health Systems, Akron Campus",Pediatrics,"Akron Children's Hospital, Akron Campus",Family Medicine,Aultman Hospital,Elective,Generic Elective,Obstetrics/Gynecology,"Summa Health Systems, Akron Campus",Surgery,Aultman Hospital,Emergency Medicine,"Summa Health Systems, Akron Campus",26.9,Akron
10,Family Medicine,Mercy Health St. Elizabeth Boardman Hospital,Psychiatry,"Summa Health Systems, Akron Campus",Pediatrics,"Akron Children's Hospital, Akron Campus",Obstetrics/Gynecology,"Summa Health Systems, Akron Campus",Internal Medicine,"Summa Health Systems, Akron Campus",Internal Medicine,"Summa Health Systems, Akron Campus",Elective,Generic Elective,Surgery,"Summa Health Systems, Akron Campus",Emergency Medicine,"Summa Health Systems, Akron Campus",57.4,Akron
11,Pediatrics,"Akron Children's Hospital, Akron Campus",Elective,Generic Elective,Internal Medicine,"Summa Health Systems, Akron Campus",Internal Medicine,"Summa Health Systems, Akron Campus",Emergency Medicine,"Summa Health Systems, Akron Campus",Surgery,"Summa Health Systems, Akron Campus",Psychiatry,"Summa Health Systems, Akron Campus",Family Medicine,Mercy Health St. Elizabeth Boardman Hospital,Obstetrics/Gynecology,"Summa Health Systems, Akron Campus",57.4,Akron
12,Psychiatry,"Summa Health Systems, Akron Campus",Obstetrics/Gynecology,"Summa Health Systems, Akron Campus",Pediatrics,"Akron Children's Hospital, Akron Campus",Emergency Medicine,"Cleveland Clinic Akron General, Akron Campus",Surgery,"Summa Health Systems, Akron Campus",Family Medicine,Mercy Health St. Elizabeth Boardman Hospital,Internal Medicine,University Hospitals Geauga Medical Center,Internal Medicine,University Hospitals Geauga Medical Center,Elective,Generic Elective,68.0,Akron
13,Elective,Generic Elective,Psychiatry,"Cleveland Clinic Akron General, Akron Campus",Obstetrics/Gynecology,"Cleveland Clinic Akron General, Akron Campus",Pediatrics,"Akron Children's Hospital, Akron Campus",Internal Medicine,"Cleveland Clinic Akron General, Akron Campus",Internal Medicine,"Cleveland Clinic Akron General, Akron Campus",Family Medicine,"Summa Health Systems, Barberton Campus",Emergency Medicine,"Cleveland Clinic Akron General, Akron Campus",Surgery,"Cleveland Clinic Akron General, Akron Campus",15.8,Akron
14,Elective,Generic Elective,Pediatrics,"Akron Children's Hospital, Akron Campus",Internal Medicine,"Summa Health Systems, Akron Campus",Internal Medicine,"Summa Health Systems, Akron Campus",Psychiatry,"Summa Health Systems, Akron Campus",Family Medicine,"Summa Health Systems, Akron Campus",Obstetrics/Gynecology,"Summa Health Systems, Akron Campus",Surgery,"Summa Health Systems, Akron Campus",Emergency Medicine,"Summa Health Systems, Akron Campus",6.6,Akron
15,Psychiatry,"Summa Health Systems, Akron Campus",Obstetrics/Gynecology,Aultman Hospital,Internal Medicine,Aultman/Mercy,Internal Medicine,Aultman/Mercy,Pediatrics,"Akron Children's Hospital, Akron Campus",Emergency Medicine,Cleveland Clinic Union Hospital,Surgery,Aultman Hospital,Family Medicine,Aultman Hospital,Elective,Generic Elective,51.8,Canton
16,Pediatrics,"Akron Children's Hospital, Akron Campus",Family Medicine,Aultman Hospital,Surgery,Aultman Hospital,Emergency Medicine,"Cleveland Clinic Akron General, Akron Campus",Psychiatry,Mercy Health St. Elizabeth Youngstown Hospital,Obstetrics/Gynecology,Aultman Hospital,Internal Medicine,Aultman/Mercy,Internal Medicine,Aultman/Mercy,Elective,Generic Elective,66.3,Canton
17,Internal Medicine,University Hospitals Geauga Medical Center,Internal Medicine,University Hospitals Geauga Medical Center,Psychiatry,"Cleveland Clinic Akron General, Akron Campus",Obstetrics/Gynecology,"Cleveland Clinic Akron General, Akron Campus",Family Medicine,"Summa Health Systems, Barberton Campus",Surgery,"Cleveland Clinic Akron General, Akron Campus",Emergency Medicine,"Cleveland Clinic Akron General, Akron Campus",Pediatrics,"Akron Children's Hospital, Akron Campus",Elective,Generic Elective,64.9,Akron
18,Internal Medicine,"Summa Health Systems, Akron Campus",Internal Medicine,"Summa Health Systems, Akron Campus",Pediatrics,"Akron Children's Hospital, Akron Campus",Psychiatry,"Summa Health Systems, Akron Campus",Obstetrics/Gynecology,"Summa Health Systems, Akron Campus",Family Medicine,University Hospitals Lake Health West Medical Center,Elective,Generic Elective,Emergency Medicine,"Summa Health Systems, Akron Campus",Surgery,"Summa Health Systems, Akron Campus",48.0,Akron
19,Internal Medicine,"Cleveland Clinic Akron General, Akron Campus",Internal Medicine,"Cleveland Clinic Akron General, Akron Campus",Elective,Generic Elective,Pediatrics,"Akron Children's Hospital, Akron Campus",Psychiatry,University Hospitals Cleveland Medical Center,Family Medicine,"Cleveland Clinic Akron General, Akron Campus",Obstetrics/Gynecology,"Cleveland Clinic Akron General, Akron Campus",Emergency Medicine,"Cleveland Clinic Akron General, Akron Campus",Surgery,"Cleveland Clinic Akron General, Akron Campus",36.6,Akron
20,Elective,Generic Elective,Psychiatry,"Summa Health Systems, Akron Campus",Internal Medicine,"Summa Health Systems, Akron Campus",Internal Medicine,"Summa Health Systems, Akron Campus",Surgery,"Summa Health Systems, Akron Campus",Emergency Medicine,"Summa Health Systems, Akron Campus",Family Medicine,Aultman Hospital,Obstetrics/Gynecology,Aultman Hospital,Pediatrics,"Akron Children's Hospital, Akron Campus",26.9,Akron
21,Pediatrics,"Akron Children's Hospital, Akron Campus",Surgery,Aultman Hospital,Emergency Medicine,"Cleveland Clinic Akron General, Akron Campus",Obstetrics/Gynecology,University Hospitals Ahuja Medical Center,Family Medicine,"Summa Health Systems, Barberton Campus",Psychiatry,University Hospitals Cleveland Medical Center,Internal Medicine,Western Reserve Hospital,Internal Medicine,Western Reserve Hospital,Elective,Generic Elective,56.5,Akron
22,Internal Medicine,"Summa Health Systems, Akron Campus",Internal Medicine,"Summa Health Systems, Akron Campus",Psychiatry,"Summa Health Systems, Akron Campus",Family Medicine,Aultman Hospital,Pediatrics,"Akron Children's Hospital, Akron Campus",Surgery,"Summa Health Systems, Akron Campus",Emergency Medicine,"Summa Health Systems, Akron Campus",Obstetrics/Gynecology,Aultman Hospital,Elective,Generic Elective,26.9,Akron
23,Elective,Generic Elective,Family Medicine,"Summa Health Systems, Barberton Campus",Internal Medicine,"Cleveland Clinic Akron General, Akron Campus",Internal Medicine,"Cleveland Clinic Akron General, Akron Campus",Obstetrics/Gynecology,"Cleveland Clinic Akron General, Akron Campus",Pediatrics,"Akron Children's Hospital, Akron Campus",Psychiatry,"Cleveland Clinic Akron General, Akron Campus",Surgery,University Hospitals Cleveland Medical Center,Emergency Medicine,"Cleveland Clinic Akron General, Akron Campus",39.4,Akron
24,Pediatrics,"Akron Children's Hospital, Akron Campus",Family Medicine,"Summa Health Systems, Barberton Campus",Surgery,"Summa Health Systems, Akron Campus",Emergency Medicine,"Summa Health Systems, Akron Campus",Psychiatry,"Summa Health Systems, Akron Campus",Obstetrics/Gynecology,Aultman Hospital,Internal Medicine,"Summa Health Systems, Akron Campus",Internal Medicine,"Summa Health Systems, Akron Campus",Elective,Generic Elective,29.6,Akron
25,Surgery,"Summa Health Systems, Akron Campus",Emergency Medicine,"Summa Health Systems, Akron Campus",Psychiatry,Bluestone Child and Adolescent Psychiatric Hospital,Pediatrics,"Akron Children's Hospital, Akron Campus",Internal Medicine,"Summa Health Systems, Akron Campus",Internal Medicine,"Summa Health Systems, Akron Campus",Family Medicine,Aultman Hospital,Obstetrics/Gynecology,"Summa Health Systems, Akron Campus",Elective,Generic Elective,58.3,Akron
26,Internal Medicine,"Summa Health Systems, Akron Campus",Internal Medicine,"Summa Health Systems, Akron Campus",Psychiatry,"Summa Health Systems, Akron Campus",Obstetrics/Gynecology,"Summa Health Systems, Akron Campus",Pediatrics,"Akron Children's Hospital, Akron Campus",Elective,Generic Elective,Family Medicine,Mercy Health St. Elizabeth Youngstown Hospital,Surgery,"Summa Health Systems, Akron Campus",Emergency Medicine,"Summa Health Systems, Akron Campus",50.6,Akron
27,Surgery,University Hospitals Cleveland Medical Center,Emergency Medicine,University Hospitals Ahuja Medical Center,Internal Medicine,University Hospitals Geauga Medical Center,Internal Medicine,University Hospitals Geauga Medical Center,Psychiatry,Bluestone Child and Adolescent Psychiatric Hospital,Pediatrics,Senders Pediatrics,Family Medicine,University Hospitals Lake Health West Medical Center,Obstetrics/Gynecology,University Hospitals Ahuja Medical Center,Elective,Generic Elective,53.3,Eastern Cleveland
28,Internal Medicine,"Cleveland Clinic Akron General, Akron Campus",Internal Medicine,"Cleveland Clinic Akron General, Akron Campus",Elective,Generic Elective,Obstetrics/Gynecology,"Cleveland Clinic Akron General, Akron Campus",Psychiatry,Louis Stokes Cleveland VA,Emergency Medicine,University Hospitals Portage Medical Center,Surgery,"Cleveland Clinic Akron General, Akron Campus",Family Medicine,"Cleveland Clinic Akron General, Akron Campus",Pediatrics,"Akron Children's Hospital, Akron Campus",52.2,Akron
29,Psychiatry,"Summa Health Systems, Akron Campus",Surgery,Cleveland Clinic Mercy Medical Center (Canton),Emergency Medicine,"Summa Health Systems, Akron Campus",Pediatrics,"Akron Children's Hospital, Akron Campus",Internal Medicine,"Summa Health Systems, Akron Campus",Internal Medicine,"Summa Health Systems, Akron Campus",Family Medicine,"Summa Health Systems, Akron Campus",Obstetrics/Gynecology,"Summa Health Systems, Akron Campus",Elective,Generic Elective,25.5,Akron
30,Elective,Generic Elective,Family Medicine,"Summa Health Systems, Akron Campus",Surgery,"Summa Health Systems, Akron Campus",Emergency Medicine,"Summa Health Systems, Akron Campus",Pediatrics,"Akron Children's Hospital, Akron Campus",Obstetrics/Gynecology,"Summa Health Systems, Akron Campus",Internal Medicine,"Summa Health Systems, Akron Campus",Internal Medicine,"Summa Health Systems, Akron Campus",Psychiatry,Northcoast Behavioral Health,31.6,Akron
31,Emergency Medicine,"Summa Health Systems, Akron Campus",Surgery,"Summa Health Systems, Akron Campus",Family Medicine,"Summa Health Systems, Akron Campus",Psychiatry,"Summa Health Systems, Akron Campus",Internal Medicine,Western Reserve Hospital,Internal Medicine,Western Reserve Hospital,Obstetrics/Gynecology,University Hospitals Ahuja Medical Center,Pediatrics,"Akron Children's Hospital, Akron Campus",Elective,Generic Elective,31.8,Akron
32,Internal Medicine,Western Reserve Hospital,Internal Medicine,Western Reserve Hospital,Surgery,"Summa Health Systems, Akron Campus",Emergency Medicine,"Summa Health Systems, Akron Campus",Pediatrics,"Akron Children's Hospital, Akron Campus",Obstetrics/Gynecology,Aultman Hospital,Family Medicine,"Summa Health Systems, Akron Campus",Psychiatry,"Summa Health Systems, Akron Campus",Elective,Generic Elective,33.0,Akron
33,Pediatrics,"Akron Children's Hospital, Akron Campus",Elective,Generic Elective,Family Medicine,"Cleveland Clinic Akron General, Akron Campus",Obstetrics/Gynecology,"Cleveland Clinic Akron General, Akron Campus",Internal Medicine,"Cleveland Clinic Akron General, Akron Campus",Internal Medicine,"Cleveland Clinic Akron General, Akron Campus",Psychiatry,University Hospitals Cleveland Medical Center,Surgery,Cleveland Clinic Mercy Medical Center (Canton),Emergency Medicine,"Cleveland Clinic Akron General, Akron Campus",53.0,Akron
34,Obstetrics/Gynecology,Mercy Health St. Elizabeth Youngstown Hospital,Pediatrics,"Akron Children's Hospital, Beeghley Campus (Mahoning)",Family Medicine,Mercy Health St. Elizabeth Youngstown Hospital,Elective,Generic Elective,Emergency Medicine,Mercy Health St. Elizabeth Youngstown Hospital,Surgery,Mercy Health St. Elizabeth Youngstown Hospital,Internal Medicine,University Hospitals Geauga Medical Center,Internal Medicine,University Hospitals Geauga Medical Center,Psychiatry,Mercy Health St. Elizabeth Youngstown Hospital,68.0,Youngstown
35,Elective,Generic Elective,Obstetrics/Gynecology,University Hospitals TriPoint Medical Center,Emergency Medicine,MetroHealth Medical Center,Surgery,University Hospitals Cleveland Medical Center,Psychiatry,University Hospitals Cleveland Medical Center,Pediatrics,University Hospitals Cleveland Medical Center,Internal Medicine,MetroHealth Medical Center,Internal Medicine,MetroHealth Medical Center,Family Medicine,University Hospitals St. John Medical Center,50.2,Western Cleveland
36,Internal Medicine,"Summa Health Systems, Akron Campus",Internal Medicine,"Summa Health Systems, Akron Campus",Obstetrics/Gynecology,"Summa Health Systems, Akron Campus",Elective,Generic Elective,Family Medicine,"Summa Health Systems, Barberton Campus",Pediatrics,"Akron Children's Hospital, Akron Campus",Psychiatry,"Summa Health Systems, Akron Campus",Emergency Medicine,"Summa Health Systems, Akron Campus",Surgery,"Summa Health Systems, Akron Campus",15.8,Akron
37,Pediatrics,"Akron Children's Hospital, Akron Campus",Elective,Generic Elective,Emergency Medicine,"Summa Health Systems, Akron Campus",Surgery,"Summa Health Systems, Akron Campus",Internal Medicine,Aultman/Mercy,Internal Medicine,Aultman/Mercy,Obstetrics/Gynecology,"Cleveland Clinic Akron General, Akron Campus",Family Medicine,Mercy Health St. Elizabeth Youngstown Hospital,Psychiatry,"Summa Health Systems, Akron Campus",66.3,Akron
38,Emergency Medicine,"Summa Health Systems, Akron Campus",Surgery,"Summa Health Systems, Akron Campus",Elective,Generic Elective,Family Medicine,"Summa Health Systems, Akron Campus",Internal Medicine,"Summa Health Systems, Akron Campus",Internal Medicine,"Summa Health Systems, Akron Campus",Psychiatry,"Summa Health Systems, Akron Campus",Obstetrics/Gynecology,"Summa Health Systems, Akron Campus",Pediatrics,"Akron Children's Hospital, Akron Campus",6.6,Akron
39,Pediatrics,"Akron Children's Hospital, Akron Campus",Elective,Generic Elective,Obstetrics/Gynecology,Aultman Hospital,Family Medicine,"Summa Health Systems, Barberton Campus",Internal Medicine,"Summa Health Systems, Akron Campus",Internal Medicine,"Summa Health Systems, Akron Campus",Surgery,"Summa Health Systems, Akron Campus",Emergency Medicine,"Summa Health Systems, Akron Campus",Psychiatry,"Summa Health Systems, Akron Campus",29.6,Akron
40,Elective,Generic Elective,Obstetrics/Gynecology,"Cleveland Clinic Akron General, Akron Campus",Internal Medicine,"Cleveland Clinic Akron General, Akron Campus",Internal Medicine,"Cleveland Clinic Akron General, Akron Campus",Pediatrics,"Akron Children's Hospital, Akron Campus",Psychiatry,Louis Stokes Cleveland VA,Family Medicine,"Cleveland Clinic Akron General, Akron Campus",Surgery,Western Reserve Hospital,Emergency Medicine,"Cleveland Clinic Akron General, Akron Campus",48.0,Akron
41,Emergency Medicine,"Cleveland Clinic Akron General, Akron Campus",Surgery,"Summa Health Systems, Akron Campus",Obstetrics/Gynecology,"Summa Health Systems, Akron Campus",Family Medicine,"Summa Health Systems, Barberton Campus",Psychiatry,"Summa Health Systems, Akron Campus",Elective,Generic Elective,Internal Medicine,"Summa Health Systems, Akron Campus",Internal Medicine,"Summa Health Systems, Akron Campus",Pediatrics,"Akron Children's Hospital, Akron Campus",15.8,Akron
42,Internal Medicine,University Hospitals Geauga Medical Center,Internal Medicine,University Hospitals Geauga Medical Center,Psychiatry,Louis Stokes Cleveland VA,Pediatrics,University Hospitals Cleveland Medical Center,Surgery,University Hospitals Lake Health West Medical Center,Emergency Medicine,University Hospitals Lake Health West Medical Center,Elective,Generic Elective,Obstetrics/Gynecology,University Hospitals TriPoint Medical Center,Family Medicine,University Hospitals Lake Health West Medical Center,53.3,Eastern Cleveland
43,Internal Medicine,University Hospitals Parma Medical Center,Internal Medicine,University Hospitals Parma Medical Center,Pediatrics,"Akron Children's Hospital, Akron Campus",Obstetrics/Gynecology,Aultman Hospital,Psychiatry,"Summa Health Systems, Akron Campus",Elective,Generic Elective,Family Medicine,Mercy Health St. Elizabeth Boardman Hospital,Surgery,"Summa Health Systems, Akron Campus",Emergency Medicine,"Summa Health Systems, Akron Campus",80.7,Akron
44,Pediatrics,"Akron Children's Hospital, Akron Campus",Family Medicine,"Summa Health Systems, Barberton Campus",Internal Medicine,"Summa Health Systems, Akron Campus",Internal Medicine,"Summa Health Systems, Akron Campus",Elective,Generic Elective,Surgery,Cleveland Clinic Mercy Medical Center (Canton),Emergency Medicine,"Summa Health Systems, Akron Campus",Psychiatry,"Summa Health Systems, Akron Campus",Obstetrics/Gynecology,"Summa Health Systems, Akron Campus",26.0,Akron
45,Internal Medicine,"Summa Health Systems, Akron Campus",Internal Medicine,"Summa Health Systems, Akron Campus",Emergency Medicine,"Summa Health Systems, Akron Campus",Surgery,Aultman Hospital,Pediatrics,"Akron Children's Hospital, Akron Campus",Obstetrics/Gynecology,"Summa Health Systems, Akron Campus",Elective,Generic Elective,Psychiatry,"Summa Health Systems, Akron Campus",Family Medicine,"Cleveland Clinic Akron General, Akron Campus",28.4,Akron
46,Emergency Medicine,"Cleveland Clinic Akron General, Akron Campus",Surgery,Aultman Hospital,Family Medicine,"Cleveland Clinic Akron General, Akron Campus",Elective,Generic Elective,Internal Medicine,"Cleveland Clinic Akron General, Akron Campus",Internal Medicine,"Cleveland Clinic Akron General, Akron Campus",Pediatrics,"Akron Children's Hospital, Akron Campus",Obstetrics/Gynecology,"Cleveland Clinic Akron General, Akron Campus",Psychiatry,"Cleveland Clinic Akron General, Akron Campus",28.4,Akron
47,Surgery,"Cleveland Clinic Akron General, Akron Campus",Emergency Medicine,"Cleveland Clinic Akron General, Akron Campus",Pediatrics,"Akron Children's Hospital, Akron Campus",Family Medicine,"Cleveland Clinic Akron General, Akron Campus",Psychiatry,"Cleveland Clinic Akron General, Akron Campus",Obstetrics/Gynecology,Aultman Hospital,Internal Medicine,Western Reserve Hospital,Internal Medicine,Western Reserve Hospital,Elective,Generic Elective,33.0,Akron
48,Elective,Generic Elective,Pediatrics,"Akron Children's Hospital, Akron Campus",Surgery,"Cleveland Clinic Akron General, Akron Campus",Emergency Medicine,"Cleveland Clinic Akron General, Akron Campus",Obstetrics/Gynecology,"Cleveland Clinic Akron General, Akron Campus",Psychiatry,"Cleveland Clinic Akron General, Akron Campus",Internal Medicine,University Hospitals Parma Medical Center,Internal Medicine,University Hospitals Parma Medical Center,Family Medicine,"Cleveland Clinic Akron General, Akron Campus",42.8,Akron
49,Pediatrics,"Akron Children's Hospital, Akron Campus",Obstetrics/Gynecology,"Cleveland Clinic Akron General, Akron Campus",Internal Medicine,"Cleveland Clinic Akron General, Akron Campus",Internal Medicine,"Cleveland Clinic Akron General, Akron Campus",Family Medicine,University Hospitals Lake Health West Medical Center,Psychiatry,"Cleveland Clinic Akron General, Akron Campus",Surgery,"Cleveland Clinic Akron General, Akron Campus",Emergency Medicine,"Cleveland Clinic Akron General, Akron Campus",Elective,Generic Elective,49.7,Akron
50,Obstetrics/Gynecology,Aultman Hospital,Elective,Generic Elective,Internal Medicine,University Hospitals Geauga Medical Center,Internal Medicine,University Hospitals Geauga Medical Center,Family Medicine,Aultman Hospital,Surgery,"Summa Health Systems, Akron Campus",Emergency Medicine,"Summa Health Systems, Akron Campus",Psychiatry,"Summa Health Systems, Akron Campus",Pediatrics,"Akron Children's Hospital, Akron Campus",75.2,Akron
51,Internal Medicine,"Cleveland Clinic Akron General, Akron Campus",Internal Medicine,"Cleveland Clinic Akron General, Akron Campus",Obstetrics/Gynecology,Aultman Hospital,Psychiatry,University Hospitals Cleveland Medical Center,Family Medicine,"Cleveland Clinic Akron General, Akron Campus",Elective,Generic Elective,Pediatrics,"Akron Children's Hospital, Akron Campus",Surgery,"Cleveland Clinic Akron General, Akron Campus",Emergency Medicine,"Cleveland Clinic Akron General, Akron Campus",56.5,Akron
52,Obstetrics/Gynecology,"Cleveland Clinic Akron General, Akron Campus",Pediatrics,"Akron Children's Hospital, Akron Campus",Surgery,"Cleveland Clinic Akron General, Akron Campus",Emergency Medicine,"Cleveland Clinic Akron General, Akron Campus",Family Medicine,"Cleveland Clinic Akron General, Akron Campus",Psychiatry,"Cleveland Clinic Akron General, Akron Campus",Internal Medicine,"Cleveland Clinic Akron General, Akron Campus",Internal Medicine,"Cleveland Clinic Akron General, Akron Campus",Elective,Generic Elective,3.9,Akron
53,Internal Medicine,Aultman/Mercy,Internal Medicine,Aultman/Mercy,Family Medicine,Aultman Hospital,Surgery,Aultman Hospital,Emergency Medicine,"Summa Health Systems, Akron Campus",Psychiatry,"Summa Health Systems, Akron Campus",Obstetrics/Gynecology,Aultman Hospital,Pediatrics,"Akron Children's Hospital, Akron Campus",Elective,Generic Elective,26.9,Canton
54,Obstetrics/Gynecology,"Cleveland Clinic Akron General, Akron Campus",Psychiatry,"Cleveland Clinic Akron General, Akron Campus",Internal Medicine,"Cleveland Clinic Akron General, Akron Campus",Internal Medicine,"Cleveland Clinic Akron General, Akron Campus",Elective,Generic Elective,Emergency Medicine,"Summa Health Systems, Akron Campus",Surgery,"Cleveland Clinic Akron General, Akron Campus",Family Medicine,"Cleveland Clinic Akron General, Akron Campus",Pediatrics,"Akron Children's Hospital, Akron Campus",8.0,Akron
55,Family Medicine,"Cleveland Clinic Akron General, Akron Campus",Pediatrics,"Akron Children's Hospital, Akron Campus",Elective,Generic Elective,Emergency Medicine,"Cleveland Clinic Akron General, Akron Campus",Surgery,"Cleveland Clinic Akron General, Akron Campus",Obstetrics/Gynecology,"Cleveland Clinic Akron General, Akron Campus",Internal Medicine,"Cleveland Clinic Akron General, Akron Campus",Internal Medicine,"Cleveland Clinic Akron General, Akron Campus",Psychiatry,"Cleveland Clinic Akron General, Akron Campus",3.9,Akron
56,Pediatrics,"Akron Children's Hospital, Akron Campus",Elective,Generic Elective,Emergency Medicine,"Summa Health Systems, Akron Campus",Surgery,"Summa Health Systems, Akron Campus",Family Medicine,"Summa Health Systems, Akron Campus",Psychiatry,"Summa Health Systems, Akron Campus",Internal Medicine,"Summa Health Systems, Akron Campus",Internal Medicine,"Summa Health Systems, Akron Campus",Obstetrics/Gynecology,"Summa Health Systems, Akron Campus",6.6,Akron
57,Pediatrics,"Akron Children's Hospital, Akron Campus",Psychiatry,"Summa Health Systems, Akron Campus",Internal Medicine,"Summa Health Systems, Akron Campus",Internal Medicine,"Summa Health Systems, Akron Campus",Elective,Generic Elective,Surgery,"Summa Health Systems, Akron Campus",Emergency Medicine,"Summa Health Systems, Akron Campus",Obstetrics/Gynecology,"Summa Health Systems, Akron Campus",Family Medicine,"Summa Health Systems, Akron Campus",6.6,Akron
58,Psychiatry,"Summa Health Systems, Akron Campus",Obstetrics/Gynecology,Aultman Hospital,Family Medicine,Mercy Health St. Elizabeth Boardman Hospital,Pediatrics,"Akron Children's Hospital, Akron Campus",Internal Medicine,"Summa Health Systems, Akron Campus",Internal Medicine,"Summa Health Systems, Akron Campus",Elective,Generic Elective,Emergency Medicine,"Cleveland Clinic Akron General, Akron Campus",Surgery,"Summa Health Systems, Akron Campus",67.1,Akron
59,Psychiatry,Louis Stokes Cleveland VA,Pediatrics,"Akron Children's Hospital, Akron Campus",Internal Medicine,"Cleveland Clinic Akron General, Akron Campus",Internal Medicine,"Cleveland Clinic Akron General, Akron Campus",Emergency Medicine,"Cleveland Clinic Akron General, Akron Campus",Surgery,"Cleveland Clinic Akron General, Akron Campus",Elective,Generic Elective,Obstetrics/Gynecology,"Cleveland Clinic Akron General, Akron Campus",Family Medicine,"Cleveland Clinic Akron General, Akron Campus",46.4,Akron
60,Elective,Generic Elective,Emergency Medicine,MetroHealth Medical Center,Surgery,MetroHealth Medical Center,Family Medicine,MetroHealth Medical Center,Internal Medicine,Cleveland Clinic Fairview Hospital,Internal Medicine,Cleveland Clinic Fairview Hospital,Pediatrics,University Hospitals Cleveland Medical Center,Psychiatry,University Hospitals Cleveland Medical Center,Obstetrics/Gynecology,University Hospitals Ahuja Medical Center,30.7,Western Cleveland
61,Emergency Medicine,"Summa Health Systems, Akron Campus",Surgery,Cleveland Clinic Mercy Medical Center (Canton),Obstetrics/Gynecology,"Summa Health Systems, Akron Campus",Psychiatry,Bluestone Child and Adolescent Psychiatric Hospital,Family Medicine,Mercy Health St. Elizabeth Boardman Hospital,Pediatrics,"Akron Children's Hospital, Akron Campus",Internal Medicine,"Summa Health Systems, Akron Campus",Internal Medicine,"Summa Health Systems, Akron Campus",Elective,Generic Elective,72.7,Akron
62,Obstetrics/Gynecology,"Summa Health Systems, Akron Campus",Elective,Generic Elective,Emergency Medicine,"Summa Health Systems, Akron Campus",Surgery,"Summa Health Systems, Akron Campus",Internal Medicine,"Summa Health Systems, Akron Campus",Internal Medicine,"Summa Health Systems, Akron Campus",Pediatrics,"Akron Children's Hospital, Akron Campus",Psychiatry,"Summa Health Systems, Akron Campus",Family Medicine,"Summa Health Systems, Barberton Campus",15.8,Akron
63,Internal Medicine,"Summa Health Systems, Akron Campus",Internal Medicine,"Summa Health Systems, Akron Campus",Obstetrics/Gynecology,Aultman Hospital,Psychiatry,"Summa Health Systems, Akron Campus",Elective,Generic Elective,Pediatrics,"Akron Children's Hospital, Akron Campus",Emergency Medicine,"Summa Health Systems, Akron Campus",Surgery,"Summa Health Systems, Akron Campus",Family Medicine,Mercy Health St. Elizabeth Youngstown Hospital,66.3,Akron
64,Elective,Generic Elective,Psychiatry,"Cleveland Clinic Akron General, Akron Campus",Internal Medicine,Western Reserve Hospital,Internal Medicine,Western Reserve Hospital,Emergency Medicine,"Cleveland Clinic Akron General, Akron Campus",Surgery,Cleveland Clinic Mercy Medical Center (Canton),Family Medicine,"Cleveland Clinic Akron General, Akron Campus",Pediatrics,"Akron Children's Hospital, Akron Campus",Obstetrics/Gynecology,"Cleveland Clinic Akron General, Akron Campus",29.5,Akron
65,Internal Medicine,Western Reserve Hospital,Internal Medicine,Western Reserve Hospital,Obstetrics/Gynecology,"Cleveland Clinic Akron General, Akron Campus",Psychiatry,"Cleveland Clinic Akron General, Akron Campus",Elective,Generic Elective,Family Medicine,Mercy Health St. Elizabeth Boardman Hospital,Pediatrics,"Akron Children's Hospital, Akron Campus",Emergency Medicine,"Cleveland Clinic Akron General, Akron Campus",Surgery,"Cleveland Clinic Akron General, Akron Campus",61.4,Akron
66,Psychiatry,University Hospitals Cleveland Medical Center,Pediatrics,University Hospitals Cleveland Medical Center,Internal Medicine,MetroHealth Medical Center,Internal Medicine,MetroHealth Medical Center,Elective,Generic Elective,Obstetrics/Gynecology,University Hospitals St. John Medical Center,Family Medicine,MetroHealth Medical Center,Emergency Medicine,MetroHealth Medical Center,Surgery,University Hospitals Cleveland Medical Center,34.1,Western Cleveland
67,Obstetrics/Gynecology,"Summa Health Systems, Akron Campus",Pediatrics,"Akron Children's Hospital, Akron Campus",Psychiatry,"Summa Health Systems, Akron Campus",Family Medicine,"Summa Health Systems, Barberton Campus",Emergency Medicine,"Summa Health Systems, Akron Campus",Surgery,Aultman Hospital,Internal Medicine,"Summa Health Systems, Akron Campus",Internal Medicine,"Summa Health Systems, Akron Campus",Elective,Generic Elective,29.6,Akron
68,Emergency Medicine,"Cleveland Clinic Akron General, Akron Campus",Surgery,"Cleveland Clinic Akron General, Akron Campus",Pediatrics,"Akron Children's Hospital, Akron Campus",Family Medicine,"Cleveland Clinic Akron General, Akron Campus",Internal Medicine,"Cleveland Clinic Akron General, Akron Campus",Internal Medicine,"Cleveland Clinic Akron General, Akron Campus",Psychiatry,"Cleveland Clinic Akron General, Akron Campus",Obstetrics/Gynecology,"Cleveland Clinic Akron General, Akron Campus",Elective,Generic Elective,3.9,Akron
69,Internal Medicine,University Hospitals Parma Medical Center,Internal Medicine,University Hospitals Parma Medical Center,Pediatrics,"Akron Children's Hospital, Akron Campus",Psychiatry,"Summa Health Systems, Akron Campus",Family Medicine,Mercy Health St. Elizabeth Youngstown Hospital,Emergency Medicine,"Summa Health Systems, Akron Campus",Surgery,"Summa Health Systems, Akron Campus",Obstetrics/Gynecology,Aultman Hospital,Elective,Generic Elective,75.9,Akron
70,Elective,Generic Elective,Family Medicine,"Cleveland Clinic Akron General, Akron Campus",Emergency Medicine,"Cleveland Clinic Akron General, Akron Campus",Surgery,Cleveland Clinic Mercy Medical Center (Canton),Psychiatry,"Cleveland Clinic Akron General, Akron Campus",Pediatrics,"Akron Children's Hospital, Akron Campus",Internal Medicine,"Cleveland Clinic Akron General, Akron Campus",Internal Medicine,"Cleveland Clinic Akron General, Akron Campus",Obstetrics/Gynecology,"Cleveland Clinic Akron General, Akron Campus",26.0,Akron
71,Psychiatry,"Cleveland Clinic Akron General, Akron Campus",Family Medicine,"Cleveland Clinic Akron General, Akron Campus",Internal Medicine,Aultman/Mercy,Internal Medicine,Aultman/Mercy,Elective,Generic Elective,Surgery,"Cleveland Clinic Akron General, Akron Campus",Emergency Medicine,"Cleveland Clinic Akron General, Akron Campus",Obstetrics/Gynecology,"Cleveland Clinic Akron General, Akron Campus",Pediatrics,"Akron Children's Hospital, Akron Campus",28.4,Akron
72,Emergency Medicine,"Cleveland Clinic Akron General, Akron Campus",Surgery,Aultman Hospital,Psychiatry,"Cleveland Clinic Akron General, Akron Campus",Pediatrics,"Akron Children's Hospital, Akron Campus",Family Medicine,"Cleveland Clinic Akron General, Akron Campus",Obstetrics/Gynecology,"Cleveland Clinic Akron General, Akron Campus",Internal Medicine,"Cleveland Clinic Akron General, Akron Campus",Internal Medicine,"Cleveland Clinic Akron General, Akron Campus",Elective,Generic Elective,28.4,Akron
73,Elective,Generic Elective,Pediatrics,"Akron Children's Hospital, Akron Campus",Internal Medicine,"Summa Health Systems, Akron Campus",Internal Medicine,"Summa Health Systems, Akron Campus",Family Medicine,"Summa Health Systems, Akron Campus",Psychiatry,"Summa Health Systems, Akron Campus",Obstetrics/Gynecology,"Summa Health Systems, Akron Campus",Emergency Medicine,"Summa Health Systems, Akron Campus",Surgery,"Summa Health Systems, Akron Campus",6.6,Akron
74,Internal Medicine,"Cleveland Clinic Akron General, Akron Campus",Internal Medicine,"Cleveland Clinic Akron General, Akron Campus",Pediatrics,"Akron Children's Hospital, Akron Campus",Family Medicine,"Cleveland Clinic Akron General, Akron Campus",Elective,Generic Elective,Surgery,Western Reserve Hospital,Emergency Medicine,"Cleveland Clinic Akron General, Akron Campus",Psychiatry,"Cleveland Clinic Akron General, Akron Campus",Obstetrics/Gynecology,"Cleveland Clinic Akron General, Akron Campus",13.6,Akron
75,Psychiatry,"Summa Health Systems, Akron Campus",Family Medicine,Mercy Health St. Elizabeth Boardman Hospital,Pediatrics,"Akron Children's Hospital, Akron Campus",Obstetrics/Gynecology,Aultman Hospital,Internal Medicine,"Summa Health Systems, Akron Campus",Internal Medicine,"Summa Health Systems, Akron Campus",Surgery,"Summa Health Systems, Akron Campus",Emergency Medicine,"Summa Health Systems, Akron Campus",Elective,Generic Elective,67.1,Akron
76,Family Medicine,Aultman Hospital,Elective,Generic Elective,Surgery,"Summa Health Systems, Akron Campus",Emergency Medicine,"Summa Health Systems, Akron Campus",Pediatrics,"Akron Children's Hospital, Akron Campus",Psychiatry,"Summa Health Systems, Akron Campus",Internal Medicine,"Summa Health Systems, Akron Campus",Internal Medicine,"Summa Health Systems, Akron Campus",Obstetrics/Gynecology,"Summa Health Systems, Akron Campus",26.9,Akron
77,Internal Medicine,"Summa Health Systems, Akron Campus",Internal Medicine,"Summa Health Systems, Akron Campus",Family Medicine,Mercy Health St. Elizabeth Boardman Hospital,Emergency Medicine,"Summa Health Systems, Akron Campus",Surgery,"Summa Health Systems, Akron Campus",Elective,Generic Elective,Obstetrics/Gynecology,Aultman Hospital,Pediatrics,"Akron Children's Hospital, Akron Campus",Psychiatry,"Summa Health Systems, Akron Campus",67.1,Akron
78,Surgery,"Summa Health Systems, Akron Campus",Emergency Medicine,"Summa Health Systems, Akron Campus",Internal Medicine,"Summa Health Systems, Akron Campus",Internal Medicine,"Summa Health Systems, Akron Campus",Psychiatry,"Summa Health Systems, Akron Campus",Pediatrics,"Akron Children's Hospital, Akron Campus",Obstetrics/Gynecology,"Summa Health Systems, Akron Campus",Family Medicine,"Cleveland Clinic Akron General, Akron Campus",Elective,Generic Elective,8.0,Akron
79,Elective,Generic Elective,Family Medicine,Mercy Health St. Elizabeth Boardman Hospital,Obstetrics/Gynecology,Aultman Hospital,Psychiatry,"Summa Health Systems, Akron Campus",Surgery,"Summa Health Systems, Akron Campus",Emergency Medicine,"Summa Health Systems, Akron Campus",Internal Medicine,University Hospitals St. John Medical Center,Internal Medicine,University Hospitals St. John Medical Center,Pediatrics,"Akron Children's Hospital, Akron Campus",88.5,Akron
80,Family Medicine,Mercy Health St. Elizabeth Youngstown Hospital,Obstetrics/Gynecology,Aultman Hospital,Internal Medicine,Western Reserve Hospital,Internal Medicine,Western Reserve Hospital,Surgery,"Cleveland Clinic Akron General, Akron Campus",Emergency Medicine,"Summa Health Systems, Akron Campus",Elective,Generic Elective,Psychiatry,"Summa Health Systems, Akron Campus",Pediatrics,"Akron Children's Hospital, Akron Campus",66.3,Akron
81,Family Medicine,Aultman Hospital,Obstetrics/Gynecology,"Summa Health Systems, Akron Campus",Emergency Medicine,"Summa Health Systems, Akron Campus",Surgery,Cleveland Clinic Mercy Medical Center (Canton),Internal Medicine,"Summa Health Systems, Akron Campus",Internal Medicine,"Summa Health Systems, Akron Campus",Psychiatry,"Summa Health Systems, Akron Campus",Pediatrics,"Akron Children's Hospital, Akron Campus",Elective,Generic Elective,26.9,Akron
82,Elective,Generic Elective,Surgery,"Cleveland Clinic Akron General, Akron Campus",Emergency Medicine,"Cleveland Clinic Akron General, Akron Campus",Pediatrics,"Akron Children's Hospital, Akron Campus",Obstetrics/Gynecology,"Cleveland Clinic Akron General, Akron Campus",Family Medicine,"Cleveland Clinic Akron General, Akron Campus",Internal Medicine,"Cleveland Clinic Akron General, Akron Campus",Internal Medicine,"Cleveland Clinic Akron General, Akron Campus",Psychiatry,"Cleveland Clinic Akron General, Akron Campus",3.9,Akron
83,Internal Medicine,"Summa Health Systems, Akron Campus",Internal Medicine,"Summa Health Systems, Akron Campus",Family Medicine,"Cleveland Clinic Akron General, Akron Campus",Pediatrics,"Akron Children's Hospital, Akron Campus",Emergency Medicine,"Summa Health Systems, Akron Campus",Surgery,"Summa Health Systems, Akron Campus",Elective,Generic Elective,Obstetrics/Gynecology,"Summa Health Systems, Akron Campus",Psychiatry,"Summa Health Systems, Akron Campus",8.0,Akron
84,Elective,Generic Elective,Family Medicine,"Cleveland Clinic Akron General, Akron Campus",Psychiatry,"Cleveland Clinic Akron General, Akron Campus",Pediatrics,"Akron Children's Hospital, Akron Campus",Internal Medicine,"Cleveland Clinic Akron General, Akron Campus",Internal Medicine,"Cleveland Clinic Akron General, Akron Campus",Obstetrics/Gynecology,"Cleveland Clinic Akron General, Akron Campus",Surgery,"Cleveland Clinic Akron General, Akron Campus",Emergency Medicine,"Cleveland Clinic Akron General, Akron Campus",3.9,Akron
85,Family Medicine,"Cleveland Clinic Akron General, Akron Campus",Obstetrics/Gynecology,"Cleveland Clinic Akron General, Akron Campus",Emergency Medicine,"Cleveland Clinic Akron General, Akron Campus",Surgery,"Cleveland Clinic Akron General, Akron Campus",Internal Medicine,"Cleveland Clinic Akron General, Akron Campus",Internal Medicine,"Cleveland Clinic Akron General, Akron Campus",Psychiatry,"Cleveland Clinic Akron General, Akron Campus",Pediatrics,"Akron Children's Hospital, Akron Campus",Elective,Generic Elective,3.9,Akron
86,Internal Medicine,"Summa Health Systems, Akron Campus",Internal Medicine,"Summa Health Systems, Akron Campus",Psychiatry,"Summa Health Systems, Akron Campus",Elective,Generic Elective,Pediatrics,"Akron Children's Hospital, Akron Campus",Family Medicine,"Summa Health Systems, Akron Campus",Obstetrics/Gynecology,Aultman Hospital,Surgery,Cleveland Clinic Mercy Medical Center (Canton),Emergency Medicine,"Summa Health Systems, Akron Campus",26.9,Akron
87,Internal Medicine,"Cleveland Clinic Akron General, Akron Campus",Internal Medicine,"Cleveland Clinic Akron General, Akron Campus",Elective,Generic Elective,Pediatrics,"Akron Children's Hospital, Akron Campus",Psychiatry,"Cleveland Clinic Akron General, Akron Campus",Family Medicine,MetroHealth Medical Center,Emergency Medicine,"Cleveland Clinic Akron General, Akron Campus",Surgery,"Cleveland Clinic Akron General, Akron Campus",Obstetrics/Gynecology,Aultman Hospital,61.2,Akron
88,Emergency Medicine,"Summa Health Systems, Akron Campus",Surgery,"Summa Health Systems, Akron Campus",Family Medicine,Mercy Health St. Elizabeth Youngstown Hospital,Psychiatry,"Summa Health Systems, Akron Campus",Internal Medicine,Western Reserve Hospital,Internal Medicine,Western Reserve Hospital,Obstetrics/Gynecology,"Cleveland Clinic Akron General, Akron Campus",Pediatrics,"Akron Children's Hospital, Akron Campus",Elective,Generic Elective,54.8,Akron
89,Emergency Medicine,"Cleveland Clinic Akron General, Akron Campus",Surgery,"Cleveland Clinic Akron General, Akron Campus",Internal Medicine,"Cleveland Clinic Akron General, Akron Campus",Internal Medicine,"Cleveland Clinic Akron General, Akron Campus",Pediatrics,"Akron Children's Hospital, Akron Campus",Obstetrics/Gynecology,"Cleveland Clinic Akron General, Akron Campus",Family Medicine,"Cleveland Clinic Akron General, Akron Campus",Psychiatry,"Cleveland Clinic Akron General, Akron Campus",Elective,Generic Elective,3.9,Akron
90,Surgery,"Summa Health Systems, Akron Campus",Emergency Medicine,"Summa Health Systems, Akron Campus",Internal Medicine,University Hospitals Geauga Medical Center,Internal Medicine,University Hospitals Geauga Medical Center,Family Medicine,"Summa Health Systems, Akron Campus",Pediatrics,"Akron Children's Hospital, Akron Campus",Obstetrics/Gynecology,"Summa Health Systems, Akron Campus",Elective,Generic Elective,Psychiatry,"Summa Health Systems, Akron Campus",56.5,Akron
91,Elective,Generic Elective,Pediatrics,"Akron Children's Hospital, Akron Campus",Internal Medicine,Aultman/Mercy,Internal Medicine,Aultman/Mercy,Psychiatry,Mercy Health St. Elizabeth Youngstown Hospital,Surgery,Aultman Hospital,Emergency Medicine,Aultman Hospital,Family Medicine,Aultman Hospital,Obstetrics/Gynecology,Aultman Hospital,66.3,Canton
92,Obstetrics/Gynecology,Aultman Hospital,Psychiatry,Mercy Health Lorain Hospital,Elective,Generic Elective,Family Medicine,University Hospitals St. John Medical Center,Internal Medicine,University Hospitals St. John Medical Center,Internal Medicine,University Hospitals St. John Medical Center,Surgery,Cleveland Clinic Fairview Hospital,Emergency Medicine,University Hospitals St. John Medical Center,Pediatrics,"Akron Children's Hospital, Akron Campus",83.1,Western Cleveland
93,Elective,Generic Elective,Psychiatry,"Summa Health Systems, Akron Campus",Pediatrics,"Akron Children's Hospital, Akron Campus",Surgery,"Summa Health Systems, Akron Campus",Emergency Medicine,"Summa Health Systems, Akron Campus",Obstetrics/Gynecology,"Summa Health Systems, Akron Campus",Internal Medicine,Aultman/Mercy,Internal Medicine,Aultman/Mercy,Family Medicine,Aultman Hospital,26.9,Akron
94,Obstetrics/Gynecology,Aultman Hospital,Family Medicine,Aultman Hospital,Pediatrics,"Akron Children's Hospital, Akron Campus",Elective,Generic Elective,Internal Medicine,Aultman/Mercy,Internal Medicine,Aultman/Mercy,Psychiatry,Louis Stokes Cleveland VA,Surgery,Aultman Hospital,Emergency Medicine,Aultman Hospital,66.2,Canton
95,Elective,Generic Elective,Obstetrics/Gynecology,Aultman Hospital,Emergency Medicine,"Cleveland Clinic Akron General, Akron Campus",Surgery,Aultman Hospital,Internal Medicine,Aultman/Mercy,Internal Medicine,Aultman/Mercy,Psychiatry,Northcoast Behavioral Health,Family Medicine,Aultman Hospital,Pediatrics,"Akron Children's Hospital, Akron Campus",50.3,Canton
96,Pediatrics,"Akron Children's Hospital, Akron Campus",Elective,Generic Elective,Family Medicine,Aultman Hospital,Obstetrics/Gynecology,Aultman Hospital,Internal Medicine,Aultman/Mercy,Internal Medicine,Aultman/Mercy,Psychiatry,"Summa Health Systems, Akron Campus",Surgery,Aultman Hospital,Emergency Medicine,Aultman Hospital,26.9,Canton
97,Obstetrics/Gynecology,OhioHealth Riverside Methodist Hospital,Emergency Medicine,"Summa Health Systems, Akron Campus",Surgery,"Summa Health Systems, Akron Campus",Elective,Generic Elective,Psychiatry,"Summa Health Systems, Akron Campus",Family Medicine,"Summa Health Systems, Akron Campus",Internal Medicine,Aultman/Mercy,Internal Medicine,Aultman/Mercy,Pediatrics,"Akron Children's Hospital, Akron Campus",118.1,Akron
98,Elective,Generic Elective,Psychiatry,Bluestone Child and Adolescent Psychiatric Hospital,Pediatrics,"Akron Children's Hospital, Akron Campus",Obstetrics/Gynecology,Aultman Hospital,Internal Medicine,Aultman/Mercy,Internal Medicine,Aultman/Mercy,Family Medicine,Aultman Hospital,Emergency Medicine,Aultman Hospital,Surgery,Aultman Hospital,58.3,Canton
99,Internal Medicine,Aultman/Mercy,Internal Medicine,Aultman/Mercy,Surgery,Aultman Hospital,Emergency Medicine,Cleveland Clinic Union Hospital,Obstetrics/Gynecology,Aultman Hospital,Psychiatry,Mercy Health St. Elizabeth Youngstown Hospital,Elective,Generic Elective,Family Medicine,Mercy Health St. Elizabeth Boardman Hospital,Pediatrics,"Akron Children's Hospital, Akron Campus",89.9,Canton
100,Internal Medicine,Aultman/Mercy,Internal Medicine,Aultman/Mercy,Elective,Generic Elective,Psychiatry,University Hospitals Cleveland Medical Center,Surgery,Aultman Hospital,Emergency Medicine,Aultman Hospital,Obstetrics/Gynecology,Aultman Hospital,Pediatrics,"Akron Children's Hospital, Akron Campus",Family Medicine,Aultman Hospital,56.5,Canton
101,Family Medicine,Aultman Hospital,Elective,Generic Elective,Surgery,Aultman Hospital,Emergency Medicine,Cleveland Clinic Union Hospital,Obstetrics/Gynecology,Aultman Hospital,Pediatrics,"Akron Children's Hospital, Akron Campus",Internal Medicine,Aultman/Mercy,Internal Medicine,Aultman/Mercy,Psychiatry,"Summa Health Systems, Akron Campus",51.8,Canton
102,Surgery,Aultman Hospital,Emergency Medicine,Cleveland Clinic Union Hospital,Pediatrics,"Akron Children's Hospital, Akron Campus",Obstetrics/Gynecology,Aultman Hospital,Internal Medicine,Aultman/Mercy,Internal Medicine,Aultman/Mercy,Psychiatry,University Hospitals Cleveland Medical Center,Elective,Generic Elective,Family Medicine,Aultman Hospital,79.4,Canton
103,Psychiatry,Bluestone Child and Adolescent Psychiatric Hospital,Obstetrics/Gynecology,Aultman Hospital,Internal Medicine,Aultman/Mercy,Internal Medicine,Aultman/Mercy,Family Medicine,Aultman Hospital,Elective,Generic Elective,Pediatrics,"Akron Children's Hospital, Akron Campus",Emergency Medicine,Aultman Hospital,Surgery,Aultman Hospital,58.3,Canton
104,Elective,Generic Elective,Psychiatry,"Summa Health Systems, Akron Campus",Obstetrics/Gynecology,Aultman Hospital,Surgery,"Summa Health Systems, Akron Campus",Emergency Medicine,"Summa Health Systems, Akron Campus",Pediatrics,"Akron Children's Hospital, Akron Campus",Internal Medicine,"Summa Health Systems, Akron Campus",Internal Medicine,"Summa Health Systems, Akron Campus",Family Medicine,"Summa Health Systems, Barberton Campus",29.6,Akron
105,Psychiatry,Louis Stokes Cleveland VA,Family Medicine,Aultman Hospital,Internal Medicine,Aultman/Mercy,Internal Medicine,Aultman/Mercy,Obstetrics/Gynecology,Aultman Hospital,Emergency Medicine,Aultman Hospital,Surgery,Aultman Hospital,Elective,Generic Elective,Pediatrics,"Akron Children's Hospital, Akron Campus",66.2,Canton
106,Elective,Generic Elective,Pediatrics,"Akron Children's Hospital, Akron Campus",Internal Medicine,Aultman/Mercy,Internal Medicine,Aultman/Mercy,Obstetrics/Gynecology,Aultman Hospital,Family Medicine,Aultman Hospital,Psychiatry,"Summa Health Systems, Akron Campus",Emergency Medicine,Aultman Hospital,Surgery,Aultman Hospital,26.9,Canton
107,Internal Medicine,Aultman/Mercy,Internal Medicine,Aultman/Mercy,Psychiatry,University Hospitals Cleveland Medical Center,Family Medicine,Aultman Hospital,Elective,Generic Elective,Surgery,Aultman Hospital,Emergency Medicine,Aultman Hospital,Pediatrics,"Akron Children's Hospital, Akron Campus",Obstetrics/Gynecology,Aultman Hospital,56.5,Canton
108,Internal Medicine,Aultman/Mercy,Internal Medicine,Aultman/Mercy,Pediatrics,"Akron Children's Hospital, Akron Campus",Family Medicine,Aultman Hospital,Surgery,Aultman Hospital,Emergency Medicine,Aultman Hospital,Obstetrics/Gynecology,Aultman Hospital,Psychiatry,University Hospitals Cleveland Medical Center,Elective,Generic Elective,56.5,Canton
109,Surgery,"Cleveland Clinic Akron General, Akron Campus",Emergency Medicine,"Cleveland Clinic Akron General, Akron Campus",Pediatrics,"Akron Children's Hospital, Akron Campus",Psychiatry,"Cleveland Clinic Akron General, Akron Campus",Obstetrics/Gynecology,"Cleveland Clinic Akron General, Akron Campus",Family Medicine,Aultman Hospital,Internal Medicine,"Cleveland Clinic Akron General, Akron Campus",Internal Medicine,"Cleveland Clinic Akron General, Akron Campus",Elective,Generic Elective,28.4,Akron
110,Elective,Generic Elective,Pediatrics,"Akron Children's Hospital, Akron Campus",Internal Medicine,OhioHealth Riverside Methodist Hospital,Internal Medicine,OhioHealth Riverside Methodist Hospital,Obstetrics/Gynecology,OhioHealth Riverside Methodist Hospital,Surgery,OhioHealth Riverside Methodist Hospital,Emergency Medicine,Columbus VA Clinic,Psychiatry,Columbus VA Clinic,Family Medicine,Mount Carmel Health System,115.5,Columbus
111,Psychiatry,University Hospitals Cleveland Medical Center,Elective,Generic Elective,Pediatrics,MetroHealth Medical Center,Emergency Medicine,MetroHealth Medical Center,Surgery,Cleveland Clinic Fairview Hospital,Obstetrics/Gynecology,University Hospitals Ahuja Medical Center,Internal Medicine,University Hospitals Parma Medical Center,Internal Medicine,University Hospitals Parma Medical Center,Family Medicine,Mercy Health St. Elizabeth Boardman Hospital,83.6,Eastern Cleveland
112,Family Medicine,Mount Carmel Health System,Elective,Generic Elective,Internal Medicine,OhioHealth Riverside Methodist Hospital,Internal Medicine,OhioHealth Riverside Methodist Hospital,Psychiatry,Columbus VA Clinic,Obstetrics/Gynecology,OhioHealth Riverside Methodist Hospital,Pediatrics,"Akron Children's Hospital, Akron Campus",Surgery,OhioHealth Riverside Methodist Hospital,Emergency Medicine,Columbus VA Clinic,115.5,Columbus
113,Internal Medicine,Mercy Health St. Elizabeth Youngstown Hospital,Internal Medicine,Mercy Health St. Elizabeth Youngstown Hospital,Surgery,Mercy Health St. Elizabeth Youngstown Hospital,Emergency Medicine,Mercy Health St. Elizabeth Youngstown Hospital,Pediatrics,"Akron Children's Hospital, Beeghley Campus (Mahoning)",Psychiatry,Mercy Health St. Elizabeth Youngstown Hospital,Obstetrics/Gynecology,Mercy Health St. Elizabeth Youngstown Hospital,Elective,Generic Elective,Family Medicine,Mercy Health St. Elizabeth Youngstown Hospital,16.7,Youngstown
114,Elective,Generic Elective,Psychiatry,Louis Stokes Cleveland VA,Surgery,University Hospitals Lake Health West Medical Center,Emergency Medicine,University Hospitals Lake Health West Medical Center,Internal Medicine,University Hospitals Geauga Medical Center,Internal Medicine,University Hospitals Geauga Medical Center,Obstetrics/Gynecology,University Hospitals TriPoint Medical Center,Family Medicine,University Hospitals Lake Health West Medical Center,Pediatrics,University Hospitals Cleveland Medical Center,53.3,Eastern Cleveland
115,Emergency Medicine,University Hospitals Lake Health West Medical Center,Surgery,University Hospitals Lake Health West Medical Center,Pediatrics,University Hospitals Cleveland Medical Center,Family Medicine,University Hospitals Lake Health West Medical Center,Obstetrics/Gynecology,University Hospitals TriPoint Medical Center,Elective,Generic Elective,Internal Medicine,University Hospitals Geauga Medical Center,Internal Medicine,University Hospitals Geauga Medical Center,Psychiatry,Louis Stokes Cleveland VA,53.3,Eastern Cleveland
116,Obstetrics/Gynecology,"Cleveland Clinic Akron General, Akron Campus",Pediatrics,"Akron Children's Hospital, Akron Campus",Internal Medicine,Cleveland Clinic Fairview Hospital,Internal Medicine,Cleveland Clinic Fairview Hospital,Family Medicine,MetroHealth Medical Center,Surgery,University Hospitals Cleveland Medical Center,Emergency Medicine,MetroHealth Medical Center,Psychiatry,Louis Stokes Cleveland VA,Elective,Generic Elective,49.6,Western Cleveland
117,Internal Medicine,University Hospitals Geauga Medical Center,Internal Medicine,University Hospitals Geauga Medical Center,Obstetrics/Gynecology,University Hospitals Ahuja Medical Center,Family Medicine,University Hospitals Lake Health West Medical Center,Pediatrics,Senders Pediatrics,Psychiatry,Bluestone Child and Adolescent Psychiatric Hospital,Surgery,University Hospitals Cleveland Medical Center,Emergency Medicine,University Hospitals Ahuja Medical Center,Elective,Generic Elective,53.3,Eastern Cleveland
118,Elective,Generic Elective,Pediatrics,University Hospitals Cleveland Medical Center,Internal Medicine,University Hospitals St. John Medical Center,Internal Medicine,University Hospitals St. John Medical Center,Obstetrics/Gynecology,University Hospitals St. John Medical Center,Family Medicine,University Hospitals St. John Medical Center,Psychiatry,Mercy Health Lorain Hospital,Surgery,Cleveland Clinic Fairview Hospital,Emergency Medicine,University Hospitals St. John Medical Center,37.4,Western Cleveland
119,Internal Medicine,University Hospitals Geauga Medical Center,Internal Medicine,University Hospitals Geauga Medical Center,Emergency Medicine,University Hospitals Lake Health West Medical Center,Surgery,University Hospitals Lake Health West Medical Center,Psychiatry,Louis Stokes Cleveland VA,Obstetrics/Gynecology,University Hospitals TriPoint Medical Center,Pediatrics,Senders Pediatrics,Elective,Generic Elective,Family Medicine,University Hospitals Lake Health West Medical Center,48.3,Eastern Cleveland
120,Internal Medicine,Mercy Health St. Elizabeth Youngstown Hospital,Internal Medicine,Mercy Health St. Elizabeth Youngstown Hospital,Elective,Generic Elective,Family Medicine,Mercy Health St. Elizabeth Youngstown Hospital,Psychiatry,Mercy Health St. Elizabeth Youngstown Hospital,Pediatrics,"Akron Children's Hospital, Beeghley Campus (Mahoning)",Obstetrics/Gynecology,OhioHealth Riverside Methodist Hospital,Surgery,Mercy Health St. Elizabeth Youngstown Hospital,Emergency Medicine,Mercy Health St. Elizabeth Youngstown Hospital,162.2,Youngstown
121,Obstetrics/Gynecology,University Hospitals Ahuja Medical Center,Family Medicine,University Hospitals Lake Health West Medical Center,Internal Medicine,University Hospitals Geauga Medical Center,Internal Medicine,University Hospitals Geauga Medical Center,Surgery,University Hospitals Cleveland Medical Center,Emergency Medicine,University Hospitals Ahuja Medical Center,Elective,Generic Elective,Psychiatry,Bluestone Child and Adolescent Psychiatric Hospital,Pediatrics,Senders Pediatrics,53.3,Eastern Cleveland
122,Surgery,University Hospitals Lake Health West Medical Center,Emergency Medicine,University Hospitals Lake Health West Medical Center,Elective,Generic Elective,Psychiatry,Louis Stokes Cleveland VA,Family Medicine,University Hospitals Lake Health West Medical Center,Pediatrics,University Hospitals Cleveland Medical Center,Internal Medicine,Cleveland Clinic Fairview Hospital,Internal Medicine,Cleveland Clinic Fairview Hospital,Obstetrics/Gynecology,University Hospitals TriPoint Medical Center,43.8,Eastern Cleveland
123,Elective,Generic Elective,Obstetrics/Gynecology,University Hospitals Ahuja Medical Center,Family Medicine,University Hospitals Lake Health West Medical Center,Pediatrics,Senders Pediatrics,Internal Medicine,MetroHealth Medical Center,Internal Medicine,MetroHealth Medical Center,Surgery,University Hospitals Cleveland Medical Center,Emergency Medicine,University Hospitals Ahuja Medical Center,Psychiatry,Bluestone Child and Adolescent Psychiatric Hospital,29.3,Eastern Cleveland
124,Pediatrics,University Hospitals Cleveland Medical Center,Family Medicine,University Hospitals St. John Medical Center,Obstetrics/Gynecology,University Hospitals Ahuja Medical Center,Psychiatry,Louis Stokes Cleveland VA,Surgery,MetroHealth Medical Center,Emergency Medicine,MetroHealth Medical Center,Internal Medicine,University Hospitals St. John Medical Center,Internal Medicine,University Hospitals St. John Medical Center,Elective,Generic Elective,34.1,Western Cleveland
125,Obstetrics/Gynecology,University Hospitals St. John Medical Center,Elective,Generic Elective,Internal Medicine,Cleveland Clinic Fairview Hospital,Internal Medicine,Cleveland Clinic Fairview Hospital,Pediatrics,University Hospitals Cleveland Medical Center,Family Medicine,University Hospitals St. John Medical Center,Psychiatry,University Hospitals Cleveland Medical Center,Emergency Medicine,MetroHealth Medical Center,Surgery,Cleveland Clinic Fairview Hospital,34.1,Western Cleveland
126,Family Medicine,University Hospitals St. John Medical Center,Pediatrics,University Hospitals Cleveland Medical Center,Internal Medicine,University Hospitals St. John Medical Center,Internal Medicine,University Hospitals St. John Medical Center,Psychiatry,Mercy Health Lorain Hospital,Surgery,Cleveland Clinic Fairview Hospital,Emergency Medicine,MetroHealth Medical Center,Elective,Generic Elective,Obstetrics/Gynecology,University Hospitals St. John Medical Center,38.7,Western Cleveland
127,Obstetrics/Gynecology,University Hospitals Ahuja Medical Center,Pediatrics,"Akron Children's Hospital, Akron Campus",Internal Medicine,University Hospitals Parma Medical Center,Internal Medicine,University Hospitals Parma Medical Center,Surgery,Cleveland Clinic Fairview Hospital,Emergency Medicine,MetroHealth Medical Center,Psychiatry,MetroHealth Medical Center,Family Medicine,MetroHealth Medical Center,Elective,Generic Elective,49.1,Western Cleveland
128,Elective,Generic Elective,Pediatrics,MetroHealth Medical Center,Internal Medicine,MetroHealth Medical Center,Internal Medicine,MetroHealth Medical Center,Psychiatry,MetroHealth Medical Center,Obstetrics/Gynecology,University Hospitals Ahuja Medical Center,Emergency Medicine,MetroHealth Medical Center,Surgery,MetroHealth Medical Center,Family Medicine,MetroHealth Medical Center,18.9,Western Cleveland
129,Internal Medicine,University Hospitals St. John Medical Center,Internal Medicine,University Hospitals St. John Medical Center,Psychiatry,University Hospitals Cleveland Medical Center,Pediatrics,University Hospitals Cleveland Medical Center,Family Medicine,MetroHealth Medical Center,Emergency Medicine,MetroHealth Medical Center,Surgery,MetroHealth Medical Center,Obstetrics/Gynecology,University Hospitals St. John Medical Center,Elective,Generic Elective,34.1,Western Cleveland
130,Pediatrics,University Hospitals Cleveland Medical Center,Obstetrics/Gynecology,University Hospitals St. John Medical Center,Internal Medicine,University Hospitals St. John Medical Center,Internal Medicine,University Hospitals St. John Medical Center,Family Medicine,University Hospitals St. John Medical Center,Emergency Medicine,University Hospitals St. John Medical Center,Surgery,Cleveland Clinic Fairview Hospital,Psychiatry,Mercy Health Lorain Hospital,Elective,Generic Elective,37.4,Western Cleveland
131,Elective,Generic Elective,Surgery,Cleveland Clinic Fairview Hospital,Emergency Medicine,University Hospitals Ahuja Medical Center,Pediatrics,University Hospitals Cleveland Medical Center,Internal Medicine,University Hospitals St. John Medical Center,Internal Medicine,University Hospitals St. John Medical Center,Obstetrics/Gynecology,University Hospitals St. John Medical Center,Family Medicine,University Hospitals St. John Medical Center,Psychiatry,Mercy Health Lorain Hospital,51.2,Western Cleveland
132,Obstetrics/Gynecology,University Hospitals St. John Medical Center,Elective,Generic Elective,Internal Medicine,University Hospitals St. John Medical Center,Internal Medicine,University Hospitals St. John Medical Center,Psychiatry,Mercy Health Lorain Hospital,Surgery,Cleveland Clinic Fairview Hospital,Emergency Medicine,University Hospitals St. John Medical Center,Family Medicine,University Hospitals St. John Medical Center,Pediatrics,University Hospitals Cleveland Medical Center,37.4,Western Cleveland
133,Pediatrics,"Akron Children's Hospital, Akron Campus",Psychiatry,University Hospitals Cleveland Medical Center,Emergency Medicine,MetroHealth Medical Center,Surgery,MetroHealth Medical Center,Internal Medicine,MetroHealth Medical Center,Internal Medicine,MetroHealth Medical Center,Elective,Generic Elective,Obstetrics/Gynecology,University Hospitals Ahuja Medical Center,Family Medicine,MetroHealth Medical Center,40.9,Eastern Cleveland
134,Psychiatry,Mercy Health Lorain Hospital,Family Medicine,University Hospitals St. John Medical Center,Pediatrics,Senders Pediatrics,Surgery,Cleveland Clinic Fairview Hospital,Emergency Medicine,University Hospitals St. John Medical Center,Obstetrics/Gynecology,University Hospitals St. John Medical Center,Internal Medicine,University Hospitals St. John Medical Center,Internal Medicine,University Hospitals St. John Medical Center,Elective,Generic Elective,59.5,Western Cleveland
135,Surgery,University Hospitals Cleveland Medical Center,Emergency Medicine,MetroHealth Medical Center,Psychiatry,Louis Stokes Cleveland VA,Family Medicine,Mercy Health St. Elizabeth Boardman Hospital,Internal Medicine,University Hospitals Parma Medical Center,Internal Medicine,University Hospitals Parma Medical Center,Elective,Generic Elective,Pediatrics,University Hospitals Cleveland Medical Center,Obstetrics/Gynecology,Aultman Hospital,84.6,Eastern Cleveland
136,Family Medicine,University Hospitals St. John Medical Center,Pediatrics,"Akron Children's Hospital, Akron Campus",Obstetrics/Gynecology,University Hospitals St. John Medical Center,Elective,Generic Elective,Surgery,Cleveland Clinic Fairview Hospital,Emergency Medicine,University Hospitals St. John Medical Center,Internal Medicine,University Hospitals St. John Medical Center,Internal Medicine,University Hospitals St. John Medical Center,Psychiatry,University Hospitals Cleveland Medical Center,51.2,Western Cleveland
137,Pediatrics,"Akron Children's Hospital, Akron Campus",Psychiatry,University Hospitals Cleveland Medical Center,Elective,Generic Elective,Surgery,"Cleveland Clinic Akron General, Akron Campus",Emergency Medicine,"Cleveland Clinic Akron General, Akron Campus",Obstetrics/Gynecology,"Cleveland Clinic Akron General, Akron Campus",Internal Medicine,University Hospitals St. John Medical Center,Internal Medicine,University Hospitals St. John Medical Center,Family Medicine,"Cleveland Clinic Akron General, Akron Campus",51.6,Akron
138,Emergency Medicine,University Hospitals Ahuja Medical Center,Surgery,University Hospitals Cleveland Medical Center,Family Medicine,MetroHealth Medical Center,Pediatrics,MetroHealth Medical Center,Obstetrics/Gynecology,University Hospitals Ahuja Medical Center,Elective,Generic Elective,Internal Medicine,Cleveland Clinic Fairview Hospital,Internal Medicine,Cleveland Clinic Fairview Hospital,Psychiatry,MetroHealth Medical Center,30.7,Western Cleveland
139,Psychiatry,MetroHealth Medical Center,Obstetrics/Gynecology,University Hospitals St. John Medical Center,Pediatrics,University Hospitals Cleveland Medical Center,Elective,Generic Elective,Internal Medicine,University Hospitals St. John Medical Center,Internal Medicine,University Hospitals St. John Medical Center,Family Medicine,University Hospitals St. John Medical Center,Emergency Medicine,University Hospitals St. John Medical Center,Surgery,Cleveland Clinic Fairview Hospital,34.1,Western Cleveland
140,Pediatrics,"Akron Children's Hospital, Akron Campus",Psychiatry,MetroHealth Medical Center,Elective,Generic Elective,Family Medicine,MetroHealth Medical Center,Internal Medicine,University Hospitals St. John Medical Center,Internal Medicine,University Hospitals St. John Medical Center,Obstetrics/Gynecology,University Hospitals Ahuja Medical Center,Emergency Medicine,MetroHealth Medical Center,Surgery,MetroHealth Medical Center,51.2,Western Cleveland
141,Internal Medicine,University Hospitals St. John Medical Center,Internal Medicine,University Hospitals St. John Medical Center,Obstetrics/Gynecology,University Hospitals St. John Medical Center,Family Medicine,University Hospitals St. John Medical Center,Pediatrics,University Hospitals Cleveland Medical Center,Elective,Generic Elective,Psychiatry,Mercy Health Lorain Hospital,Emergency Medicine,MetroHealth Medical Center,Surgery,Cleveland Clinic Fairview Hospital,38.7,Western Cleveland
142,Emergency Medicine,MetroHealth Medical Center,Surgery,University Hospitals Cleveland Medical Center,Elective,Generic Elective,Psychiatry,MetroHealth Medical Center,Internal Medicine,University Hospitals St. John Medical Center,Internal Medicine,University Hospitals St. John Medical Center,Pediatrics,University Hospitals Cleveland Medical Center,Obstetrics/Gynecology,Aultman Hospital,Family Medicine,MetroHealth Medical Center,71.5,Western Cleveland
143,Internal Medicine,University Hospitals St. John Medical Center,Internal Medicine,University Hospitals St. John Medical Center,Family Medicine,University Hospitals St. John Medical Center,Elective,Generic Elective,Pediatrics,University Hospitals Cleveland Medical Center,Psychiatry,Mercy Health Lorain Hospital,Obstetrics/Gynecology,University Hospitals St. John Medical Center,Surgery,Cleveland Clinic Fairview Hospital,Emergency Medicine,University Hospitals St. John Medical Center,37.4,Western Cleveland
144,Elective,Generic Elective,Psychiatry,Louis Stokes Cleveland VA,Family Medicine,University Hospitals Lake Health West Medical Center,Obstetrics/Gynecology,University Hospitals TriPoint Medical Center,Internal Medicine,University Hospitals Geauga Medical Center,Internal Medicine,University Hospitals Geauga Medical Center,Pediatrics,University Hospitals Cleveland Medical Center,Surgery,University Hospitals Lake Health West Medical Center,Emergency Medicine,University Hospitals Lake Health West Medical Center,53.3,Eastern Cleveland
145,Internal Medicine,Cleveland Clinic Fairview Hospital,Internal Medicine,Cleveland Clinic Fairview Hospital,Family Medicine,University Hospitals St. John Medical Center,Surgery,Cleveland Clinic Fairview Hospital,Emergency Medicine,MetroHealth Medical Center,Psychiatry,University Hospitals Cleveland Medical Center,Elective,Generic Elective,Pediatrics,University Hospitals Cleveland Medical Center,Obstetrics/Gynecology,University Hospitals St. John Medical Center,34.1,Western Cleveland
146,Elective,Generic Elective,Pediatrics,MetroHealth Medical Center,Family Medicine,MetroHealth Medical Center,Obstetrics/Gynecology,University Hospitals Ahuja Medical Center,Emergency Medicine,MetroHealth Medical Center,Surgery,MetroHealth Medical Center,Internal Medicine,Cleveland Clinic Fairview Hospital,Internal Medicine,Cleveland Clinic Fairview Hospital,Psychiatry,University Hospitals Cleveland Medical Center,30.7,Western Cleveland
147,Elective,Generic Elective,Obstetrics/Gynecology,OhioHealth Riverside Methodist Hospital,Internal Medicine,University Hospitals St. John Medical Center,Internal Medicine,University Hospitals St. John Medical Center,Family Medicine,University Hospitals St. John Medical Center,Pediatrics,University Hospitals Cleveland Medical Center,Emergency Medicine,University Hospitals St. John Medical Center,Surgery,Cleveland Clinic Fairview Hospital,Psychiatry,Mercy Health Lorain Hospital,130.1,Western Cleveland
148,Psychiatry,Mercy Health Lorain Hospital,Surgery,Cleveland Clinic Fairview Hospital,Emergency Medicine,University Hospitals Ahuja Medical Center,Pediatrics,"Akron Children's Hospital, Akron Campus",Internal Medicine,University Hospitals St. John Medical Center,Internal Medicine,University Hospitals St. John Medical Center,Family Medicine,University Hospitals St. John Medical Center,Obstetrics/Gynecology,University Hospitals St. John Medical Center,Elective,Generic Elective,63.7,Western Cleveland
149,Internal Medicine,Cleveland Clinic Fairview Hospital,Internal Medicine,Cleveland Clinic Fairview Hospital,Pediatrics,University Hospitals Cleveland Medical Center,Obstetrics/Gynecology,University Hospitals St. John Medical Center,Emergency Medicine,University Hospitals St. John Medical Center,Surgery,Cleveland Clinic Fairview Hospital,Family Medicine,MetroHealth Medical Center,Psychiatry,University Hospitals Cleveland Medical Center,Elective,Generic Elective,34.1,Western Cleveland
150,Emergency Medicine,MetroHealth Medical Center,Surgery,Cleveland Clinic Fairview Hospital,Pediatrics,MetroHealth Medical Center,Family Medicine,MetroHealth Medical Center,Obstetrics/Gynecology,University Hospitals Ahuja Medical Center,Psychiatry,MetroHealth Medical Center,Internal Medicine,MetroHealth Medical Center,Internal Medicine,MetroHealth Medical Center,Elective,Generic Elective,30.7,Western Cleveland
151,Family Medicine,University Hospitals Lake Health West Medical Center,Elective,Generic Elective,Surgery,University Hospitals Cleveland Medical Center,Emergency Medicine,University Hospitals Ahuja Medical Center,Internal Medicine,University Hospitals Parma Medical Center,Internal Medicine,University Hospitals Parma Medical Center,Psychiatry,Bluestone Child and Adolescent Psychiatric Hospital,Pediatrics,Senders Pediatrics,Obstetrics/Gynecology,University Hospitals Ahuja Medical Center,39.0,Eastern Cleveland
152,Pediatrics,University Hospitals Cleveland Medical Center,Obstetrics/Gynecology,University Hospitals Ahuja Medical Center,Internal Medicine,University Hospitals Parma Medical Center,Internal Medicine,University Hospitals Parma Medical Center,Emergency Medicine,University Hospitals Lake Health West Medical Center,Surgery,Louis Stokes Cleveland VA,Family Medicine,University Hospitals Lake Health West Medical Center,Psychiatry,Louis Stokes Cleveland VA,Elective,Generic Elective,39.0,Eastern Cleveland
153,Internal Medicine,Cleveland Clinic Fairview Hospital,Internal Medicine,Cleveland Clinic Fairview Hospital,Psychiatry,MetroHealth Medical Center,Pediatrics,"Akron Children's Hospital, Akron Campus",Obstetrics/Gynecology,Aultman Hospital,Surgery,University Hospitals Cleveland Medical Center,Emergency Medicine,MetroHealth Medical Center,Family Medicine,MetroHealth Medical Center,Elective,Generic Elective,69.5,Western Cleveland
154,Elective,Generic Elective,Psychiatry,Mercy Health Lorain Hospital,Surgery,Cleveland Clinic Fairview Hospital,Emergency Medicine,MetroHealth Medical Center,Obstetrics/Gynecology,University Hospitals St. John Medical Center,Pediatrics,"Akron Children's Hospital, Akron Campus",Internal Medicine,University Hospitals St. John Medical Center,Internal Medicine,University Hospitals St. John Medical Center,Family Medicine,University Hospitals St. John Medical Center,63.7,Western Cleveland
155,Emergency Medicine,University Hospitals Ahuja Medical Center,Surgery,MetroHealth Medical Center,Obstetrics/Gynecology,University Hospitals TriPoint Medical Center,Pediatrics,MetroHealth Medical Center,Internal Medicine,Cleveland Clinic Fairview Hospital,Internal Medicine,Cleveland Clinic Fairview Hospital,Elective,Generic Elective,Psychiatry,MetroHealth Medical Center,Family Medicine,University Hospitals St. John Medical Center,50.2,Western Cleveland
156,Obstetrics/Gynecology,University Hospitals TriPoint Medical Center,Elective,Generic Elective,Internal Medicine,Cleveland Clinic Fairview Hospital,Internal Medicine,Cleveland Clinic Fairview Hospital,Surgery,University Hospitals Cleveland Medical Center,Emergency Medicine,MetroHealth Medical Center,Family Medicine,"Summa Health Systems, Barberton Campus",Pediatrics,University Hospitals Cleveland Medical Center,Psychiatry,Louis Stokes Cleveland VA,61.5,Western Cleveland
157,Surgery,Cleveland Clinic Fairview Hospital,Emergency Medicine,University Hospitals Ahuja Medical Center,Psychiatry,University Hospitals Cleveland Medical Center,Obstetrics/Gynecology,University Hospitals St. John Medical Center,Internal Medicine,Cleveland Clinic Fairview Hospital,Internal Medicine,Cleveland Clinic Fairview Hospital,Elective,Generic Elective,Family Medicine,University Hospitals St. John Medical Center,Pediatrics,University Hospitals Cleveland Medical Center,34.1,Western Cleveland
158,Pediatrics,"Akron Children's Hospital, Akron Campus",Psychiatry,Mercy Health St. Elizabeth Youngstown Hospital,Obstetrics/Gynecology,Mercy Health St. Elizabeth Youngstown Hospital,Surgery,Mercy Health St. Elizabeth Youngstown Hospital,Emergency Medicine,Mercy Health St. Elizabeth Youngstown Hospital,Family Medicine,Mercy Health St. Elizabeth Youngstown Hospital,Internal Medicine,Mercy Health St. Elizabeth Youngstown Hospital,Internal Medicine,Mercy Health St. Elizabeth Youngstown Hospital,Elective,Generic Elective,50.6,Youngstown
159,Psychiatry,Mercy Health St. Elizabeth Youngstown Hospital,Surgery,Mercy Health St. Elizabeth Youngstown Hospital,Emergency Medicine,Mercy Health St. Elizabeth Youngstown Hospital,Pediatrics,"Akron Children's Hospital, Beeghley Campus (Mahoning)",Obstetrics/Gynecology,Mercy Health St. Elizabeth Youngstown Hospital,Elective,Generic Elective,Internal Medicine,Mercy Health St. Elizabeth Youngstown Hospital,Internal Medicine,Mercy Health St. Elizabeth Youngstown Hospital,Family Medicine,Mercy Health St. Elizabeth Boardman Hospital,19.6,Youngstown
160,Internal Medicine,Mercy Health St. Elizabeth Youngstown Hospital,Internal Medicine,Mercy Health St. Elizabeth Youngstown Hospital,Psychiatry,Mercy Health St. Elizabeth Youngstown Hospital,Obstetrics/Gynecology,Mercy Health St. Elizabeth Youngstown Hospital,Pediatrics,"Akron Children's Hospital, Beeghley Campus (Mahoning)",Family Medicine,Mercy Health St. Elizabeth Youngstown Hospital,Surgery,Mercy Health St. Elizabeth Youngstown Hospital,Emergency Medicine,Mercy Health St. Elizabeth Youngstown Hospital,Elective,Generic Elective,16.7,Youngstown
161,Internal Medicine,Mercy Health St. Elizabeth Youngstown Hospital,Internal Medicine,Mercy Health St. Elizabeth Youngstown Hospital,Elective,Generic Elective,Psychiatry,Mercy Health St. Elizabeth Youngstown Hospital,Family Medicine,Mercy Health St. Elizabeth Youngstown Hospital,Pediatrics,"Akron Children's Hospital, Akron Campus",Obstetrics/Gynecology,Mercy Health St. Elizabeth Youngstown Hospital,Emergency Medicine,Mercy Health St. Elizabeth Youngstown Hospital,Surgery,Mercy Health St. Elizabeth Youngstown Hospital,50.6,Youngstown
162,Psychiatry,Mercy Health St. Elizabeth Youngstown Hospital,Family Medicine,Mercy Health St. Elizabeth Youngstown Hospital,Pediatrics,"Akron Children's Hospital, Beeghley Campus (Mahoning)",Emergency Medicine,Mercy Health St. Elizabeth Youngstown Hospital,Surgery,Mercy Health St. Elizabeth Youngstown Hospital,Elective,Generic Elective,Internal Medicine,Mercy Health St. Elizabeth Youngstown Hospital,Internal Medicine,Mercy Health St. Elizabeth Youngstown Hospital,Obstetrics/Gynecology,Aultman Hospital,68.6,Youngstown
163,Obstetrics/Gynecology,Aultman Hospital,Family Medicine,Mercy Health St. Elizabeth Youngstown Hospital,Elective,Generic Elective,Pediatrics,"Akron Children's Hospital, Beeghley Campus (Mahoning)",Internal Medicine,Mercy Health St. Elizabeth Youngstown Hospital,Internal Medicine,Mercy Health St. Elizabeth Youngstown Hospital,Psychiatry,Mercy Health St. Elizabeth Youngstown Hospital,Emergency Medicine,Mercy Health St. Elizabeth Youngstown Hospital,Surgery,Mercy Health St. Elizabeth Youngstown Hospital,68.6,Youngstown
164,Surgery,Mercy Health St. Elizabeth Youngstown Hospital,Emergency Medicine,Mercy Health St. Elizabeth Youngstown Hospital,Internal Medicine,Mercy Health St. Elizabeth Youngstown Hospital,Internal Medicine,Mercy Health St. Elizabeth Youngstown Hospital,Family Medicine,Mercy Health St. Elizabeth Youngstown Hospital,Obstetrics/Gynecology,Mercy Health St. Elizabeth Youngstown Hospital,Psychiatry,Mercy Health St. Elizabeth Youngstown Hospital,Pediatrics,"Akron Children's Hospital, Beeghley Campus (Mahoning)",Elective,Generic Elective,16.7,Youngstown
165,Emergency Medicine,Mercy Health St. Elizabeth Youngstown Hospital,Surgery,Mercy Health St. Elizabeth Youngstown Hospital,Family Medicine,Mercy Health St. Elizabeth Youngstown Hospital,Obstetrics/Gynecology,Mercy Health St. Elizabeth Youngstown Hospital,Internal Medicine,Mercy Health St. Elizabeth Youngstown Hospital,Internal Medicine,Mercy Health St. Elizabeth Youngstown Hospital,Pediatrics,"Akron Children's Hospital, Akron Campus",Psychiatry,Mercy Health St. Elizabeth Youngstown Hospital,Elective,Generic Elective,50.6,Youngstown
166,Obstetrics/Gynecology,Mercy Health St. Elizabeth Youngstown Hospital,Psychiatry,Mercy Health St. Elizabeth Youngstown Hospital,Elective,Generic Elective,Surgery,Mercy Health St. Elizabeth Youngstown Hospital,Emergency Medicine,Mercy Health St. Elizabeth Youngstown Hospital,Family Medicine,Mercy Health St. Elizabeth Youngstown Hospital,Internal Medicine,University Hospitals Geauga Medical Center,Internal Medicine,University Hospitals Geauga Medical Center,Pediatrics,"Akron Children's Hospital, Beeghley Campus (Mahoning)",68.0,Youngstown
167,Surgery,Mercy Health St. Elizabeth Youngstown Hospital,Emergency Medicine,Mercy Health St. Elizabeth Youngstown Hospital,Internal Medicine,Mercy Health St. Elizabeth Youngstown Hospital,Internal Medicine,Mercy Health St. Elizabeth Youngstown Hospital,Family Medicine,Mercy Health St. Elizabeth Boardman Hospital,Obstetrics/Gynecology,Mercy Health St. Elizabeth Youngstown Hospital,Pediatrics,"Akron Children's Hospital, Beeghley Campus (Mahoning)",Psychiatry,Mercy Health St. Elizabeth Youngstown Hospital,Elective,Generic Elective,19.6,Youngstown
168,Family Medicine,Mercy Health St. Elizabeth Youngstown Hospital,Obstetrics/Gynecology,Mercy Health St. Elizabeth Youngstown Hospital,Internal Medicine,Mercy Health St. Elizabeth Youngstown Hospital,Internal Medicine,Mercy Health St. Elizabeth Youngstown Hospital,Pediatrics,"Akron Children's Hospital, Akron Campus",Psychiatry,Mercy Health St. Elizabeth Youngstown Hospital,Surgery,Mercy Health St. Elizabeth Youngstown Hospital,Emergency Medicine,Mercy Health St. Elizabeth Youngstown Hospital,Elective,Generic Elective,50.6,Youngstown
169,Internal Medicine,Mercy Health St. Elizabeth Youngstown Hospital,Internal Medicine,Mercy Health St. Elizabeth Youngstown Hospital,Psychiatry,Mercy Health St. Elizabeth Youngstown Hospital,Elective,Generic Elective,Emergency Medicine,Mercy Health St. Elizabeth Youngstown Hospital,Surgery,Mercy Health St. Elizabeth Youngstown Hospital,Pediatrics,"Akron Children's Hospital, Beeghley Campus (Mahoning)",Family Medicine,Mercy Health St. Elizabeth Youngstown Hospital,Obstetrics/Gynecology,Mercy Health St. Elizabeth Youngstown Hospital,16.7,Youngstown
170,Surgery,Mercy Health St. Elizabeth Youngstown Hospital,Emergency Medicine,Mercy Health St. Elizabeth Youngstown Hospital,Psychiatry,Mercy Health St. Elizabeth Youngstown Hospital,Family Medicine,Mercy Health St. Elizabeth Youngstown Hospital,Obstetrics/Gynecology,Mercy Health St. Elizabeth Youngstown Hospital,Pediatrics,"Akron Children's Hospital, Beeghley Campus (Mahoning)",Internal Medicine,Mercy Health St. Elizabeth Youngstown Hospital,Internal Medicine,Mercy Health St. Elizabeth Youngstown Hospital,Elective,Generic Elective,16.7,Youngstown
171,Obstetrics/Gynecology,Aultman Hospital,Surgery,Mercy Health St. Elizabeth Youngstown Hospital,Emergency Medicine,Mercy Health St. Elizabeth Youngstown Hospital,Family Medicine,Mercy Health St. Elizabeth Youngstown Hospital,Pediatrics,"Akron Children's Hospital, Akron Campus",Elective,Generic Elective,Internal Medicine,Mercy Health St. Elizabeth Youngstown Hospital,Internal Medicine,Mercy Health St. Elizabeth Youngstown Hospital,Psychiatry,Mercy Health St. Elizabeth Youngstown Hospital,66.3,Youngstown
172,Pediatrics,"Akron Children's Hospital, Beeghley Campus (Mahoning)",Obstetrics/Gynecology,Mercy Health St. Elizabeth Youngstown Hospital,Internal Medicine,Mercy Health St. Elizabeth Youngstown Hospital,Internal Medicine,Mercy Health St. Elizabeth Youngstown Hospital,Surgery,Mercy Health St. Elizabeth Youngstown Hospital,Emergency Medicine,Mercy Health St. Elizabeth Youngstown Hospital,Psychiatry,Mercy Health St. Elizabeth Youngstown Hospital,Family Medicine,Mercy Health St. Elizabeth Youngstown Hospital,Elective,Generic Elective,16.7,Youngstown
173,Elective,Generic Elective,Emergency Medicine,Mercy Health St. Elizabeth Youngstown Hospital,Surgery,Mercy Health St. Elizabeth Youngstown Hospital,Obstetrics/Gynecology,OhioHealth Riverside Methodist Hospital,Internal Medicine,Mercy Health St. Elizabeth Youngstown Hospital,Internal Medicine,Mercy Health St. Elizabeth Youngstown Hospital,Family Medicine,Mercy Health St. Elizabeth Youngstown Hospital,Pediatrics,"Akron Children's Hospital, Beeghley Campus (Mahoning)",Psychiatry,Mercy Health St. Elizabeth Youngstown Hospital,162.2,Youngstown
174,Psychiatry,Mercy Health St. Elizabeth Youngstown Hospital,Pediatrics,"Akron Children's Hospital, Beeghley Campus (Mahoning)",Surgery,Mercy Health St. Elizabeth Youngstown Hospital,Emergency Medicine,Mercy Health St. Elizabeth Youngstown Hospital,Internal Medicine,Mercy Health St. Elizabeth Youngstown Hospital,Internal Medicine,Mercy Health St. Elizabeth Youngstown Hospital,Elective,Generic Elective,Obstetrics/Gynecology,Mercy Health St. Elizabeth Youngstown Hospital,Family Medicine,Mercy Health St. Elizabeth Youngstown Hospital,16.7,Youngstown
175,Psychiatry,Columbus VA Clinic,Pediatrics,"Akron Children's Hospital, Akron Campus",Obstetrics/Gynecology,OhioHealth Riverside Methodist Hospital,Elective,Generic Elective,Surgery,OhioHealth Riverside Methodist Hospital,Emergency Medicine,Columbus VA Clinic,Internal Medicine,OhioHealth Riverside Methodist Hospital,Internal Medicine,OhioHealth Riverside Methodist Hospital,Family Medicine,Mount Carmel Health System,115.5,Columbus
176,Pediatrics,"Akron Children's Hospital, Beeghley Campus (Mahoning)",Family Medicine,Mercy Health St. Elizabeth Youngstown Hospital,Obstetrics/Gynecology,Mercy Health St. Elizabeth Youngstown Hospital,Psychiatry,Mercy Health St. Elizabeth Youngstown Hospital,Internal Medicine,Mercy Health St. Elizabeth Youngstown Hospital,Internal Medicine,Mercy Health St. Elizabeth Youngstown Hospital,Surgery,Mercy Health St. Elizabeth Youngstown Hospital,Emergency Medicine,Mercy Health St. Elizabeth Youngstown Hospital,Elective,Generic Elective,16.7,Youngstown
177,Family Medicine,Mercy Health St. Elizabeth Boardman Hospital,Elective,Generic Elective,Pediatrics,"Akron Children's Hospital, Beeghley Campus (Mahoning)",Psychiatry,Mercy Health St. Elizabeth Youngstown Hospital,Internal Medicine,University Hospitals Geauga Medical Center,Internal Medicine,University Hospitals Geauga Medical Center,Emergency Medicine,Mercy Health St. Elizabeth Youngstown Hospital,Surgery,Mercy Health St. Elizabeth Youngstown Hospital,Obstetrics/Gynecology,Mercy Health St. Elizabeth Youngstown Hospital,68.0,Youngstown
178,Elective,Generic Elective,Psychiatry,Mercy Health St. Elizabeth Youngstown Hospital,Internal Medicine,Mercy Health St. Elizabeth Youngstown Hospital,Internal Medicine,Mercy Health St. Elizabeth Youngstown Hospital,Surgery,Mercy Health St. Elizabeth Youngstown Hospital,Emergency Medicine,Mercy Health St. Elizabeth Youngstown Hospital,Family Medicine,Mercy Health St. Elizabeth Youngstown Hospital,Obstetrics/Gynecology,Mercy Health St. Elizabeth Youngstown Hospital,Pediatrics,"Akron Children's Hospital, Beeghley Campus (Mahoning)",16.7,Youngstown
179,Emergency Medicine,"Summa Health Systems, Akron Campus",Surgery,OhioHealth Riverside Methodist Hospital,Psychiatry,Columbus VA Clinic,Pediatrics,"Akron Children's Hospital, Akron Campus",Internal Medicine,OhioHealth Riverside Methodist Hospital,Internal Medicine,OhioHealth Riverside Methodist Hospital,Family Medicine,Mount Carmel Health System,Obstetrics/Gynecology,OhioHealth Riverside Methodist Hospital,Elective,Generic Elective,116.2,Columbus
180,Pediatrics,The Christ Hospital,Psychiatry,The Christ Hospital,Internal Medicine,The Christ Hospital,Internal Medicine,The Christ Hospital,Surgery,The Christ Hospital,Emergency Medicine,The Christ Hospital,Family Medicine,The Christ Hospital,Obstetrics/Gynecology,The Christ Hospital,Elective,Generic Elective,0.0,Cincinnati
181,Pediatrics,The Christ Hospital,Psychiatry,The Christ Hospital,Family Medicine,The Christ Hospital,Elective,Generic Elective,Emergency Medicine,The Christ Hospital,Surgery,The Christ Hospital,Internal Medicine,The Christ Hospital,Internal Medicine,The Christ Hospital,Obstetrics/Gynecology,The Christ Hospital,0.0,Cincinnati
182,Internal Medicine,The Christ Hospital,Internal Medicine,The Christ Hospital,Pediatrics,The Christ Hospital,Psychiatry,The Christ Hospital,Family Medicine,The Christ Hospital,Obstetrics/Gynecology,The Christ Hospital,Surgery,The Christ Hospital,Emergency Medicine,The Christ Hospital,Elective,Generic Elective,0.0,Cincinnati
183,Pediatrics,The Christ Hospital,Family Medicine,The Christ Hospital,Emergency Medicine,The Christ Hospital,Surgery,The Christ Hospital,Internal Medicine,The Christ Hospital,Internal Medicine,The Christ Hospital,Obstetrics/Gynecology,The Christ Hospital,Psychiatry,The Christ Hospital,Elective,Generic Elective,0.0,Cincinnati
184,Internal Medicine,The Christ Hospital,Internal Medicine,The Christ Hospital,Surgery,The Christ Hospital,Emergency Medicine,The Christ Hospital,Obstetrics/Gynecology,The Christ Hospital,Family Medicine,The Christ Hospital,Pediatrics,The Christ Hospital,Psychiatry,The Christ Hospital,Elective,Generic Elective,0.0,Cincinnati
185,Elective,Generic Elective,Family Medicine,The Christ Hospital,Internal Medicine,The Christ Hospital,Internal Medicine,The Christ Hospital,Psychiatry,The Christ Hospital,Surgery,The Christ Hospital,Emergency Medicine,The Christ Hospital,Obstetrics/Gynecology,The Christ Hospital,Pediatrics,The Christ Hospital,0.0,Cincinnati
186,Internal Medicine,The Christ Hospital,Internal Medicine,The Christ Hospital,Psychiatry,The Christ Hospital,Family Medicine,The Christ Hospital,Pediatrics,The Christ Hospital,Obstetrics/Gynecology,The Christ Hospital,Elective,Generic Elective,Emergency Medicine,The Christ Hospital,Surgery,The Christ Hospital,0.0,Cincinnati
187,Internal Medicine,The Christ Hospital,Internal Medicine,The Christ Hospital,Psychiatry,The Christ Hospital,Pediatrics,The Christ Hospital,Surgery,The Christ Hospital,Emergency Medicine,The Christ Hospital,Obstetrics/Gynecology,The Christ Hospital,Elective,Generic Elective,Family Medicine,The Christ Hospital,0.0,Cincinnati
188,Internal Medicine,The Christ Hospital,Internal Medicine,The Christ Hospital,Obstetrics/Gynecology,The Christ Hospital,Psychiatry,The Christ Hospital,Family Medicine,The Christ Hospital,Pediatrics,The Christ Hospital,Elective,Generic Elective,Surgery,The Christ Hospital,Emergency Medicine,The Christ Hospital,0.0,Cincinnati
189,Internal Medicine,The Christ Hospital,Internal Medicine,The Christ Hospital,Pediatrics,The Christ Hospital,Family Medicine,The Christ Hospital,Psychiatry,The Christ Hospital,Elective,Generic Elective,Obstetrics/Gynecology,The Christ Hospital,Emergency Medicine,The Christ Hospital,Surgery,The Christ Hospital,0.0,Cincinnati
190,Obstetrics/Gynecology,The Christ Hospital,Pediatrics,The Christ Hospital,Internal Medicine,The Christ Hospital,Internal Medicine,The Christ Hospital,Family Medicine,The Christ Hospital,Emergency Medicine,The Christ Hospital,Surgery,The Christ Hospital,Psychiatry,The Christ Hospital,Elective,Generic Elective,0.0,Cincinnati
191,Psychiatry,The Christ Hospital,Elective,Generic Elective,Surgery,The Christ Hospital,Emergency Medicine,The Christ Hospital,Internal Medicine,The Christ Hospital,Internal Medicine,The Christ Hospital,Family Medicine,The Christ Hospital,Pediatrics,The Christ Hospital,Obstetrics/Gynecology,The Christ Hospital,0.0,Cincinnati
192,Obstetrics/Gynecology,The Christ Hospital,Pediatrics,The Christ Hospital,Internal Medicine,The Christ Hospital,Internal Medicine,The Christ Hospital,Elective,Generic Elective,Psychiatry,The Christ Hospital,Family Medicine,The Christ Hospital,Emergency Medicine,The Christ Hospital,Surgery,The Christ Hospital,0.0,Cincinnati
193,Elective,Generic Elective,Psychiatry,The Christ Hospital,Obstetrics/Gynecology,The Christ Hospital,Pediatrics,The Christ Hospital,Internal Medicine,The Christ Hospital,Internal Medicine,The Christ Hospital,Emergency Medicine,The Christ Hospital,Surgery,The Christ Hospital,Family Medicine,The Christ Hospital,0.0,Cincinnati
194,Psychiatry,The Christ Hospital,Obstetrics/Gynecology,The Christ Hospital,Internal Medicine,The Christ Hospital,Internal Medicine,The Christ Hospital,Elective,Generic Elective,Emergency Medicine,The Christ Hospital,Surgery,The Christ Hospital,Family Medicine,The Christ Hospital,Pediatrics,The Christ Hospital,0.0,Cincinnati
195,Internal Medicine,The Christ Hospital,Internal Medicine,The Christ Hospital,Pediatrics,The Christ Hospital,Emergency Medicine,The Christ Hospital,Surgery,The Christ Hospital,Psychiatry,The Christ Hospital,Elective,Generic Elective,Obstetrics/Gynecology,The Christ Hospital,Family Medicine,The Christ Hospital,0.0,Cincinnati
196,Obstetrics/Gynecology,The Christ Hospital,Pediatrics,The Christ Hospital,Internal Medicine,The Christ Hospital,Internal Medicine,The Christ Hospital,Elective,Generic Elective,Surgery,The Christ Hospital,Emergency Medicine,The Christ Hospital,Family Medicine,The Christ Hospital,Psychiatry,The Christ Hospital,0.0,Cincinnati
197,Surgery,The Christ Hospital,Emergency Medicine,The Christ Hospital,Elective,Generic Elective,Psychiatry,The Christ Hospital,Obstetrics/Gynecology,The Christ Hospital,Family Medicine,The Christ Hospital,Internal Medicine,The Christ Hospital,Internal Medicine,The Christ Hospital,Pediatrics,The Christ Hospital,0.0,Cincinnati
198,Surgery,The Christ Hospital,Emergency Medicine,The Christ Hospital,Elective,Generic Elective,Family Medicine,The Christ Hospital,Internal Medicine,The Christ Hospital,Internal Medicine,The Christ Hospital,Psychiatry,The Christ Hospital,Pediatrics,The Christ Hospital,Obstetrics/Gynecology,The Christ Hospital,0.0,Cincinnati
199,Family Medicine,The Christ Hospital,Obstetrics/Gynecology,The Christ Hospital,Emergency Medicine,The Christ Hospital,Surgery,The Christ Hospital,Internal Medicine,The Christ Hospital,Internal Medicine,The Christ Hospital,Psychiatry,The Christ Hospital,Pediatrics,The Christ Hospital,Elective,Generic Elective,0.0,Cincinnati
200,Emergency Medicine,The Christ Hospital,Surgery,The Christ Hospital,Family Medicine,The Christ Hospital,Pediatrics,The Christ Hospital,Psychiatry,The Christ Hospital,Obstetrics/Gynecology,The Christ Hospital,Internal Medicine,The Christ Hospital,Internal Medicine,The Christ Hospital,Elective,Generic Elective,0.0,Cincinnati
201,Psychiatry,The Christ Hospital,Obstetrics/Gynecology,The Christ Hospital,Family Medicine,The Christ Hospital,Elective,Generic Elective,Internal Medicine,The Christ Hospital,Internal Medicine,The Christ Hospital,Pediatrics,The Christ Hospital,Surgery,The Christ Hospital,Emergency Medicine,The Christ Hospital,0.0,Cincinnati
202,Surgery,The Christ Hospital,Emergency Medicine,The Christ Hospital,Internal Medicine,The Christ Hospital,Internal Medicine,The Christ Hospital,Obstetrics/Gynecology,The Christ Hospital,Pediatrics,The Christ Hospital,Psychiatry,The Christ Hospital,Family Medicine,The Christ Hospital,Elective,Generic Elective,0.0,Cincinnati
203,Elective,Generic Elective,Family Medicine,The Christ Hospital,Obstetrics/Gynecology,The Christ Hospital,Surgery,The Christ Hospital,Emergency Medicine,The Christ Hospital,Pediatrics,The Christ Hospital,Internal Medicine,The Christ Hospital,Internal Medicine,The Christ Hospital,Psychiatry,The Christ Hospital,0.0,Cincinnati
204,Family Medicine,The Christ Hospital,Surgery,The Christ Hospital,Emergency Medicine,The Christ Hospital,Obstetrics/Gynecology,The Christ Hospital,Pediatrics,The Christ Hospital,Psychiatry,The Christ Hospital,Internal Medicine,The Christ Hospital,Internal Medicine,The Christ Hospital,Elective,Generic Elective,0.0,Cincinnati
205,Family Medicine,The Christ Hospital,Emergency Medicine,The Christ Hospital,Surgery,The Christ Hospital,Obstetrics/Gynecology,The Christ Hospital,Internal Medicine,The Christ Hospital,Internal Medicine,The Christ Hospital,Pediatrics,The Christ Hospital,Elective,Generic Elective,Psychiatry,The Christ Hospital,0.0,Cincinnati
206,Emergency Medicine,The Christ Hospital,Surgery,The Christ Hospital,Psychiatry,The Christ Hospital,Obstetrics/Gynecology,The Christ Hospital,Pediatrics,The Christ Hospital,Family Medicine,The Christ Hospital,Internal Medicine,The Christ Hospital,Internal Medicine,The Christ Hospital,Elective,Generic Elective,0.0,Cincinnati
