Schedule,Block 1 Rotation,Block 1 Site,Block 2 Rotation,Block 2 Site,Block 3 Rotation,Block 3 Site,Block 4 Rotation,Block 4 Site,Block 5 Rotation,Block 5 Site,Block 6 Rotation,Block 6 Site,Block 7 Rotation,Block 7 Site,Block 8 Rotation,Block 8 Site,Block 9 Rotation,Block 9 Site,Max Pairwise Distance (min),Dominant City
0,Elective,Generic Elective,Psychiatry,"Summa Health, Akron",Surgery,Cleveland Clinic Akron General,Emergency Medicine,"Summa Health, Akron",Pediatrics,"Akron Children's Hospital, Akron",Family Medicine,Aultman Hospital,Internal Medicine,"Summa Health, Akron",Internal Medicine,"Summa Health, Akron",Obstetrics/Gynecology,"Summa Health, Akron",28.4,Akron
1,Surgery,Cleveland Clinic Akron General,Emergency Medicine,"Summa Health, Akron",Obstetrics/Gynecology,Cleveland Clinic Akron General,Psychiatry,Cleveland Clinic Akron General,Pediatrics,"Akron Children's Hospital, Akron",Family Medicine,Cleveland Clinic Akron General,Internal Medicine,Aultman/Mercy,Internal Medicine,Aultman/Mercy,Elective,Generic Elective,28.4,Akron
2,Internal Medicine,Cleveland Clinic Akron General,Internal Medicine,Cleveland Clinic Akron General,Elective,Generic Elective,Surgery,Cleveland Clinic Akron General,Emergency Medicine,Cleveland Clinic Akron General,Pediatrics,"Akron Children's Hospital, Akron",Family Medicine,"Summa Health Systems, Barberton Campus",Psychiatry,Cleveland Clinic Akron General,Obstetrics/Gynecology,Cleveland Clinic Akron General,15.8,Akron
3,Internal Medicine,UH St. John Medical Center,Internal Medicine,UH St. John Medical Center,Elective,Generic Elective,Surgery,UH Cleveland Medical Center,Emergency Medicine,UH Ahuja Medical Center,Family Medicine,MetroHealth Medical Center,Psychiatry,Louis Stokes Cleveland VA,Pediatrics,"Akron Children's Hospital, Akron",Obstetrics/Gynecology,OhioHealth Riverside Methodist Hospital,133.2,Eastern Cleveland
4,Psychiatry,"Summa Health, Akron",Obstetrics/Gynecology,"Summa Health, Akron",Pediatrics,"Akron Children's Hospital, Akron",Elective,Generic Elective,Internal Medicine,"Summa Health, Akron",Internal Medicine,"Summa Health, Akron",Family Medicine,Mercy Health St. Elizabeth Boardman,Emergency Medicine,"Summa Health, Akron",Surgery,"Summa Health, Akron",57.4,Akron
5,Surgery,"Summa Health, Akron",Emergency Medicine,"Summa Health, Akron",Elective,Generic Elective,Psychiatry,Northcoast Behavioral Health,Pediatrics,"Akron Children's Hospital, Akron",Obstetrics/Gynecology,Aultman Hospital,Internal Medicine,Aultman/Mercy,Internal Medicine,Aultman/Mercy,Family Medicine,"Summa Health Systems, Barberton Campus",50.3,Akron
6,Emergency Medicine,"Summa Health, Akron",Surgery,"Summa Health, Akron",Psychiatry,"Summa Health, Akron",Obstetrics/Gynecology,"Summa Health, Akron",Elective,Generic Elective,Pediatrics,"Akron Children's Hospital, Akron",Internal Medicine,"Summa Health, Akron",Internal Medicine,"Summa Health, Akron",Family Medicine,"Summa Health, Akron",6.6,Akron
7,Internal Medicine,Aultman/Mercy,Internal Medicine,Aultman/Mercy,Family Medicine,Aultman Hospital,Psychiatry,UH Cleveland Medical Center,Pediatrics,"Akron Children's Hospital, Akron",Emergency Medicine,Cleveland Clinic Union Hospital,Surgery,Aultman Hospital,Obstetrics/Gynecology,Aultman Hospital,Elective,Generic Elective,79.4,Canton
8,Obstetrics/Gynecology,"Summa Health, Akron",Psychiatry,Northcoast Behavioral Health,Internal Medicine,"Summa Health, Akron",Internal Medicine,"Summa Health, Akron",Surgery,"Summa Health, Akron",Emergency Medicine,"Summa Health, Akron",Family Medicine,"Summa Health, Akron",Pediatrics,"Akron Children's Hospital, Akron",Elective,Generic Elective,31.6,Akron
9,Internal Medicine,"Summa Health, Akron",Internal Medicine,"Summa Health, Akron",Psychiatry,"Summa Health, Akron",Pediatrics,"Akron Children's Hospital, Akron",Family Medicine,Aultman Hospital,Elective,Generic Elective,Obstetrics/Gynecology,"Summa Health, Akron",Surgery,Aultman Hospital,Emergency Medicine,"Summa Health, Akron",26.9,Akron
10,Family Medicine,Mercy Health St. Elizabeth Boardman,Psychiatry,"Summa Health, Akron",Pediatrics,"Akron Children's Hospital, Akron",Obstetrics/Gynecology,"Summa Health, Akron",Internal Medicine,"Summa Health, Akron",Internal Medicine,"Summa Health, Akron",Elective,Generic Elective,Surgery,"Summa Health, Akron",Emergency Medicine,"Summa Health, Akron",57.4,Akron
11,Pediatrics,"Akron Children's Hospital, Akron",Elective,Generic Elective,Internal Medicine,"Summa Health, Akron",Internal Medicine,"Summa Health, Akron",Emergency Medicine,"Summa Health, Akron",Surgery,"Summa Health, Akron",Psychiatry,"Summa Health, Akron",Family Medicine,Mercy Health St. Elizabeth Boardman,Obstetrics/Gynecology,"Summa Health, Akron",57.4,Akron
12,Psychiatry,"Summa Health, Akron",Obstetrics/Gynecology,"Summa Health, Akron",Pediatrics,"Akron Children's Hospital, Akron",Emergency Medicine,Cleveland Clinic Akron General,Surgery,"Summa Health, Akron",Family Medicine,Mercy Health St. Elizabeth Boardman,Internal Medicine,UH Geauga Medical Center,Internal Medicine,UH Geauga Medical Center,Elective,Generic Elective,68,Akron
13,Elective,Generic Elective,Psychiatry,Cleveland Clinic Akron General,Obstetrics/Gynecology,Cleveland Clinic Akron General,Pediatrics,"Akron Children's Hospital, Akron",Internal Medicine,Cleveland Clinic Akron General,Internal Medicine,Cleveland Clinic Akron General,Family Medicine,"Summa Health Systems, Barberton Campus",Emergency Medicine,Cleveland Clinic Akron General,Surgery,Cleveland Clinic Akron General,15.8,Akron
14,Elective,Generic Elective,Pediatrics,"Akron Children's Hospital, Akron",Internal Medicine,"Summa Health, Akron",Internal Medicine,"Summa Health, Akron",Psychiatry,"Summa Health, Akron",Family Medicine,"Summa Health, Akron",Obstetrics/Gynecology,"Summa Health, Akron",Surgery,"Summa Health, Akron",Emergency Medicine,"Summa Health, Akron",6.6,Akron
15,Psychiatry,"Summa Health, Akron",Obstetrics/Gynecology,Aultman Hospital,Internal Medicine,Aultman/Mercy,Internal Medicine,Aultman/Mercy,Pediatrics,"Akron Children's Hospital, Akron",Emergency Medicine,Cleveland Clinic Union Hospital,Surgery,Aultman Hospital,Family Medicine,Aultman Hospital,Elective,Generic Elective,51.8,Canton
16,Pediatrics,"Akron Children's Hospital, Akron",Family Medicine,Aultman Hospital,Surgery,Aultman Hospital,Emergency Medicine,Cleveland Clinic Akron General,Psychiatry,Mercy Health St. Elizabeth Youngstown,Obstetrics/Gynecology,Aultman Hospital,Internal Medicine,Aultman/Mercy,Internal Medicine,Aultman/Mercy,Elective,Generic Elective,66.3,Canton
17,Internal Medicine,UH Geauga Medical Center,Internal Medicine,UH Geauga Medical Center,Psychiatry,Cleveland Clinic Akron General,Obstetrics/Gynecology,Cleveland Clinic Akron General,Family Medicine,"Summa Health Systems, Barberton Campus",Surgery,Cleveland Clinic Akron General,Emergency Medicine,Cleveland Clinic Akron General,Pediatrics,"Akron Children's Hospital, Akron",Elective,Generic Elective,64.9,Akron
18,Internal Medicine,"Summa Health, Akron",Internal Medicine,"Summa Health, Akron",Pediatrics,"Akron Children's Hospital, Akron",Psychiatry,"Summa Health, Akron",Obstetrics/Gynecology,"Summa Health, Akron",Family Medicine,UH Lake Health West Medical Center,Elective,Generic Elective,Emergency Medicine,"Summa Health, Akron",Surgery,"Summa Health, Akron",48,Akron
19,Internal Medicine,Cleveland Clinic Akron General,Internal Medicine,Cleveland Clinic Akron General,Elective,Generic Elective,Pediatrics,"Akron Children's Hospital, Akron",Psychiatry,UH Cleveland Medical Center,Family Medicine,Cleveland Clinic Akron General,Obstetrics/Gynecology,Cleveland Clinic Akron General,Emergency Medicine,Cleveland Clinic Akron General,Surgery,Cleveland Clinic Akron General,36.6,Akron
20,Elective,Generic Elective,Psychiatry,"Summa Health, Akron",Internal Medicine,"Summa Health, Akron",Internal Medicine,"Summa Health, Akron",Surgery,"Summa Health, Akron",Emergency Medicine,"Summa Health, Akron",Family Medicine,Aultman Hospital,Obstetrics/Gynecology,Aultman Hospital,Pediatrics,"Akron Children's Hospital, Akron",26.9,Akron
21,Pediatrics,"Akron Children's Hospital, Akron",Surgery,Aultman Hospital,Emergency Medicine,Cleveland Clinic Akron General,Obstetrics/Gynecology,UH Ahuja Medical Center,Family Medicine,"Summa Health Systems, Barberton Campus",Psychiatry,UH Cleveland Medical Center,Internal Medicine,Western Reserve Hospital,Internal Medicine,Western Reserve Hospital,Elective,Generic Elective,56.5,Akron
22,Internal Medicine,"Summa Health, Akron",Internal Medicine,"Summa Health, Akron",Psychiatry,"Summa Health, Akron",Family Medicine,Aultman Hospital,Pediatrics,"Akron Children's Hospital, Akron",Surgery,"Summa Health, Akron",Emergency Medicine,"Summa Health, Akron",Obstetrics/Gynecology,Aultman Hospital,Elective,Generic Elective,26.9,Akron
23,Elective,Generic Elective,Family Medicine,"Summa Health Systems, Barberton Campus",Internal Medicine,Cleveland Clinic Akron General,Internal Medicine,Cleveland Clinic Akron General,Obstetrics/Gynecology,Cleveland Clinic Akron General,Pediatrics,"Akron Children's Hospital, Akron",Psychiatry,Cleveland Clinic Akron General,Surgery,UH Cleveland Medical Center,Emergency Medicine,Cleveland Clinic Akron General,39.4,Akron
24,Pediatrics,"Akron Children's Hospital, Akron",Family Medicine,"Summa Health Systems, Barberton Campus",Surgery,"Summa Health, Akron",Emergency Medicine,"Summa Health, Akron",Psychiatry,"Summa Health, Akron",Obstetrics/Gynecology,Aultman Hospital,Internal Medicine,"Summa Health, Akron",Internal Medicine,"Summa Health, Akron",Elective,Generic Elective,29.6,Akron
25,Surgery,"Summa Health, Akron",Emergency Medicine,"Summa Health, Akron",Psychiatry,Bluestone Child and Adolescent Psychiatric Hospital,Pediatrics,"Akron Children's Hospital, Akron",Internal Medicine,"Summa Health, Akron",Internal Medicine,"Summa Health, Akron",Family Medicine,Aultman Hospital,Obstetrics/Gynecology,"Summa Health, Akron",Elective,Generic Elective,58.3,Akron
26,Internal Medicine,"Summa Health, Akron",Internal Medicine,"Summa Health, Akron",Psychiatry,"Summa Health, Akron",Obstetrics/Gynecology,"Summa Health, Akron",Pediatrics,"Akron Children's Hospital, Akron",Elective,Generic Elective,Family Medicine,Mercy Health St. Elizabeth Youngstown,Surgery,"Summa Health, Akron",Emergency Medicine,"Summa Health, Akron",50.6,Akron
27,Surgery,UH Cleveland Medical Center,Emergency Medicine,UH Ahuja Medical Center,Internal Medicine,UH Geauga Medical Center,Internal Medicine,UH Geauga Medical Center,Psychiatry,Bluestone Child and Adolescent Psychiatric Hospital,Pediatrics,Senders Pediatrics,Family Medicine,UH Lake Health West Medical Center,Obstetrics/Gynecology,UH Ahuja Medical Center,Elective,Generic Elective,53.3,Eastern Cleveland
28,Internal Medicine,Cleveland Clinic Akron General,Internal Medicine,Cleveland Clinic Akron General,Elective,Generic Elective,Obstetrics/Gynecology,Cleveland Clinic Akron General,Psychiatry,Louis Stokes Cleveland VA,Emergency Medicine,University Hospitals Portage Medical Center,Surgery,Cleveland Clinic Akron General,Family Medicine,Cleveland Clinic Akron General,Pediatrics,"Akron Children's Hospital, Akron",52.2,Akron
29,Psychiatry,"Summa Health, Akron",Surgery,Cleveland Clinic Mercy Medical Center (Canton),Emergency Medicine,"Summa Health, Akron",Pediatrics,"Akron Children's Hospital, Akron",Internal Medicine,"Summa Health, Akron",Internal Medicine,"Summa Health, Akron",Family Medicine,"Summa Health, Akron",Obstetrics/Gynecology,"Summa Health, Akron",Elective,Generic Elective,25.5,Akron
30,Elective,Generic Elective,Family Medicine,"Summa Health, Akron",Surgery,"Summa Health, Akron",Emergency Medicine,"Summa Health, Akron",Pediatrics,"Akron Children's Hospital, Akron",Obstetrics/Gynecology,"Summa Health, Akron",Internal Medicine,"Summa Health, Akron",Internal Medicine,"Summa Health, Akron",Psychiatry,Northcoast Behavioral Health,31.6,Akron
31,Emergency Medicine,"Summa Health, Akron",Surgery,"Summa Health, Akron",Family Medicine,"Summa Health, Akron",Psychiatry,"Summa Health, Akron",Internal Medicine,Western Reserve Hospital,Internal Medicine,Western Reserve Hospital,Obstetrics/Gynecology,UH Ahuja Medical Center,Pediatrics,"Akron Children's Hospital, Akron",Elective,Generic Elective,31.8,Akron
32,Internal Medicine,Western Reserve Hospital,Internal Medicine,Western Reserve Hospital,Surgery,"Summa Health, Akron",Emergency Medicine,"Summa Health, Akron",Pediatrics,"Akron Children's Hospital, Akron",Obstetrics/Gynecology,Aultman Hospital,Family Medicine,"Summa Health, Akron",Psychiatry,"Summa Health, Akron",Elective,Generic Elective,33,Akron
33,Pediatrics,"Akron Children's Hospital, Akron",Elective,Generic Elective,Family Medicine,Cleveland Clinic Akron General,Obstetrics/Gynecology,Cleveland Clinic Akron General,Internal Medicine,Cleveland Clinic Akron General,Internal Medicine,Cleveland Clinic Akron General,Psychiatry,UH Cleveland Medical Center,Surgery,Cleveland Clinic Mercy Medical Center (Canton),Emergency Medicine,Cleveland Clinic Akron General,53,Akron
34,Obstetrics/Gynecology,Mercy Health St. Elizabeth Youngstown,Pediatrics,"Akron Children's Hospital, Beeghley",Family Medicine,Mercy Health St. Elizabeth Youngstown,Elective,Generic Elective,Emergency Medicine,Mercy Health St. Elizabeth Youngstown,Surgery,Mercy Health St. Elizabeth Youngstown,Internal Medicine,UH Geauga Medical Center,Internal Medicine,UH Geauga Medical Center,Psychiatry,Mercy Health St. Elizabeth Youngstown,68,Youngstown
35,Elective,Generic Elective,Obstetrics/Gynecology,UH TriPoint Medical Center,Emergency Medicine,MetroHealth Medical Center,Surgery,UH Cleveland Medical Center,Psychiatry,UH Cleveland Medical Center,Pediatrics,UH Cleveland Medical Center,Internal Medicine,MetroHealth Medical Center,Internal Medicine,MetroHealth Medical Center,Family Medicine,UH St. John Medical Center,50.2,Western Cleveland
36,Internal Medicine,"Summa Health, Akron",Internal Medicine,"Summa Health, Akron",Obstetrics/Gynecology,"Summa Health, Akron",Elective,Generic Elective,Family Medicine,"Summa Health Systems, Barberton Campus",Pediatrics,"Akron Children's Hospital, Akron",Psychiatry,"Summa Health, Akron",Emergency Medicine,"Summa Health, Akron",Surgery,"Summa Health, Akron",15.8,Akron
37,Pediatrics,"Akron Children's Hospital, Akron",Elective,Generic Elective,Emergency Medicine,"Summa Health, Akron",Surgery,"Summa Health, Akron",Internal Medicine,Aultman/Mercy,Internal Medicine,Aultman/Mercy,Obstetrics/Gynecology,Cleveland Clinic Akron General,Family Medicine,Mercy Health St. Elizabeth Youngstown,Psychiatry,"Summa Health, Akron",66.3,Akron
38,Emergency Medicine,"Summa Health, Akron",Surgery,"Summa Health, Akron",Elective,Generic Elective,Family Medicine,"Summa Health, Akron",Internal Medicine,"Summa Health, Akron",Internal Medicine,"Summa Health, Akron",Psychiatry,"Summa Health, Akron",Obstetrics/Gynecology,"Summa Health, Akron",Pediatrics,"Akron Children's Hospital, Akron",6.6,Akron
39,Pediatrics,"Akron Children's Hospital, Akron",Elective,Generic Elective,Obstetrics/Gynecology,Aultman Hospital,Family Medicine,"Summa Health Systems, Barberton Campus",Internal Medicine,"Summa Health, Akron",Internal Medicine,"Summa Health, Akron",Surgery,"Summa Health, Akron",Emergency Medicine,"Summa Health, Akron",Psychiatry,"Summa Health, Akron",29.6,Akron
40,Elective,Generic Elective,Obstetrics/Gynecology,Cleveland Clinic Akron General,Internal Medicine,Cleveland Clinic Akron General,Internal Medicine,Cleveland Clinic Akron General,Pediatrics,"Akron Children's Hospital, Akron",Psychiatry,Louis Stokes Cleveland VA,Family Medicine,Cleveland Clinic Akron General,Surgery,Western Reserve Hospital,Emergency Medicine,Cleveland Clinic Akron General,48,Akron
41,Emergency Medicine,Cleveland Clinic Akron General,Surgery,"Summa Health, Akron",Obstetrics/Gynecology,"Summa Health, Akron",Family Medicine,"Summa Health Systems, Barberton Campus",Psychiatry,"Summa Health, Akron",Elective,Generic Elective,Internal Medicine,"Summa Health, Akron",Internal Medicine,"Summa Health, Akron",Pediatrics,"Akron Children's Hospital, Akron",15.8,Akron
42,Internal Medicine,UH Geauga Medical Center,Internal Medicine,UH Geauga Medical Center,Psychiatry,Louis Stokes Cleveland VA,Pediatrics,UH Cleveland Medical Center,Surgery,UH Lake Health West Medical Center,Emergency Medicine,UH Lake Health West Medical Center,Elective,Generic Elective,Obstetrics/Gynecology,UH TriPoint Medical Center,Family Medicine,UH Lake Health West Medical Center,53.3,Eastern Cleveland
43,Internal Medicine,UH Parma Medical Center,Internal Medicine,UH Parma Medical Center,Pediatrics,"Akron Children's Hospital, Akron",Obstetrics/Gynecology,Aultman Hospital,Psychiatry,"Summa Health, Akron",Elective,Generic Elective,Family Medicine,Mercy Health St. Elizabeth Boardman,Surgery,"Summa Health, Akron",Emergency Medicine,"Summa Health, Akron",80.7,Akron
44,Pediatrics,"Akron Children's Hospital, Akron",Family Medicine,"Summa Health Systems, Barberton Campus",Internal Medicine,"Summa Health, Akron",Internal Medicine,"Summa Health, Akron",Elective,Generic Elective,Surgery,Cleveland Clinic Mercy Medical Center (Canton),Emergency Medicine,"Summa Health, Akron",Psychiatry,"Summa Health, Akron",Obstetrics/Gynecology,"Summa Health, Akron",26,Akron
45,Internal Medicine,"Summa Health, Akron",Internal Medicine,"Summa Health, Akron",Emergency Medicine,"Summa Health, Akron",Surgery,Aultman Hospital,Pediatrics,"Akron Children's Hospital, Akron",Obstetrics/Gynecology,"Summa Health, Akron",Elective,Generic Elective,Psychiatry,"Summa Health, Akron",Family Medicine,Cleveland Clinic Akron General,28.4,Akron
46,Emergency Medicine,Cleveland Clinic Akron General,Surgery,Aultman Hospital,Family Medicine,Cleveland Clinic Akron General,Elective,Generic Elective,Internal Medicine,Cleveland Clinic Akron General,Internal Medicine,Cleveland Clinic Akron General,Pediatrics,"Akron Children's Hospital, Akron",Obstetrics/Gynecology,Cleveland Clinic Akron General,Psychiatry,Cleveland Clinic Akron General,28.4,Akron
47,Surgery,Cleveland Clinic Akron General,Emergency Medicine,Cleveland Clinic Akron General,Pediatrics,"Akron Children's Hospital, Akron",Family Medicine,Cleveland Clinic Akron General,Psychiatry,Cleveland Clinic Akron General,Obstetrics/Gynecology,Aultman Hospital,Internal Medicine,Western Reserve Hospital,Internal Medicine,Western Reserve Hospital,Elective,Generic Elective,33,Akron
48,Elective,Generic Elective,Pediatrics,"Akron Children's Hospital, Akron",Surgery,Cleveland Clinic Akron General,Emergency Medicine,Cleveland Clinic Akron General,Obstetrics/Gynecology,Cleveland Clinic Akron General,Psychiatry,Cleveland Clinic Akron General,Internal Medicine,UH Parma Medical Center,Internal Medicine,UH Parma Medical Center,Family Medicine,Cleveland Clinic Akron General,42.8,Akron
49,Pediatrics,"Akron Children's Hospital, Akron",Obstetrics/Gynecology,Cleveland Clinic Akron General,Internal Medicine,Cleveland Clinic Akron General,Internal Medicine,Cleveland Clinic Akron General,Family Medicine,UH Lake Health West Medical Center,Psychiatry,Cleveland Clinic Akron General,Surgery,Cleveland Clinic Akron General,Emergency Medicine,Cleveland Clinic Akron General,Elective,Generic Elective,49.7,Akron
50,Obstetrics/Gynecology,Aultman Hospital,Elective,Generic Elective,Internal Medicine,UH Geauga Medical Center,Internal Medicine,UH Geauga Medical Center,Family Medicine,Aultman Hospital,Surgery,"Summa Health, Akron",Emergency Medicine,"Summa Health, Akron",Psychiatry,"Summa Health, Akron",Pediatrics,"Akron Children's Hospital, Akron",75.2,Akron
51,Internal Medicine,Cleveland Clinic Akron General,Internal Medicine,Cleveland Clinic Akron General,Obstetrics/Gynecology,Aultman Hospital,Psychiatry,UH Cleveland Medical Center,Family Medicine,Cleveland Clinic Akron General,Elective,Generic Elective,Pediatrics,"Akron Children's Hospital, Akron",Surgery,Cleveland Clinic Akron General,Emergency Medicine,Cleveland Clinic Akron General,56.5,Akron
52,Obstetrics/Gynecology,Cleveland Clinic Akron General,Pediatrics,"Akron Children's Hospital, Akron",Surgery,Cleveland Clinic Akron General,Emergency Medicine,Cleveland Clinic Akron General,Family Medicine,Cleveland Clinic Akron General,Psychiatry,Cleveland Clinic Akron General,Internal Medicine,Cleveland Clinic Akron General,Internal Medicine,Cleveland Clinic Akron General,Elective,Generic Elective,3.9,Akron
53,Internal Medicine,Aultman/Mercy,Internal Medicine,Aultman/Mercy,Family Medicine,Aultman Hospital,Surgery,Aultman Hospital,Emergency Medicine,"Summa Health, Akron",Psychiatry,"Summa Health, Akron",Obstetrics/Gynecology,Aultman Hospital,Pediatrics,"Akron Children's Hospital, Akron",Elective,Generic Elective,26.9,Canton
54,Obstetrics/Gynecology,Cleveland Clinic Akron General,Psychiatry,Cleveland Clinic Akron General,Internal Medicine,Cleveland Clinic Akron General,Internal Medicine,Cleveland Clinic Akron General,Elective,Generic Elective,Emergency Medicine,"Summa Health, Akron",Surgery,Cleveland Clinic Akron General,Family Medicine,Cleveland Clinic Akron General,Pediatrics,"Akron Children's Hospital, Akron",8,Akron
55,Family Medicine,Cleveland Clinic Akron General,Pediatrics,"Akron Children's Hospital, Akron",Elective,Generic Elective,Emergency Medicine,Cleveland Clinic Akron General,Surgery,Cleveland Clinic Akron General,Obstetrics/Gynecology,Cleveland Clinic Akron General,Internal Medicine,Cleveland Clinic Akron General,Internal Medicine,Cleveland Clinic Akron General,Psychiatry,Cleveland Clinic Akron General,3.9,Akron
56,Pediatrics,"Akron Children's Hospital, Akron",Elective,Generic Elective,Emergency Medicine,"Summa Health, Akron",Surgery,"Summa Health, Akron",Family Medicine,"Summa Health, Akron",Psychiatry,"Summa Health, Akron",Internal Medicine,"Summa Health, Akron",Internal Medicine,"Summa Health, Akron",Obstetrics/Gynecology,"Summa Health, Akron",6.6,Akron
57,Pediatrics,"Akron Children's Hospital, Akron",Psychiatry,"Summa Health, Akron",Internal Medicine,"Summa Health, Akron",Internal Medicine,"Summa Health, Akron",Elective,Generic Elective,Surgery,"Summa Health, Akron",Emergency Medicine,"Summa Health, Akron",Obstetrics/Gynecology,"Summa Health, Akron",Family Medicine,"Summa Health, Akron",6.6,Akron
58,Psychiatry,"Summa Health, Akron",Obstetrics/Gynecology,Aultman Hospital,Family Medicine,Mercy Health St. Elizabeth Boardman,Pediatrics,"Akron Children's Hospital, Akron",Internal Medicine,"Summa Health, Akron",Internal Medicine,"Summa Health, Akron",Elective,Generic Elective,Emergency Medicine,Cleveland Clinic Akron General,Surgery,"Summa Health, Akron",67.1,Akron
59,Psychiatry,Louis Stokes Cleveland VA,Pediatrics,"Akron Children's Hospital, Akron",Internal Medicine,Cleveland Clinic Akron General,Internal Medicine,Cleveland Clinic Akron General,Emergency Medicine,Cleveland Clinic Akron General,Surgery,Cleveland Clinic Akron General,Elective,Generic Elective,Obstetrics/Gynecology,Cleveland Clinic Akron General,Family Medicine,Cleveland Clinic Akron General,46.4,Akron
60,Elective,Generic Elective,Emergency Medicine,MetroHealth Medical Center,Surgery,MetroHealth Medical Center,Family Medicine,MetroHealth Medical Center,Internal Medicine,Cleveland Clinic Fairview Hospital,Internal Medicine,Cleveland Clinic Fairview Hospital,Pediatrics,UH Cleveland Medical Center,Psychiatry,UH Cleveland Medical Center,Obstetrics/Gynecology,UH Ahuja Medical Center,30.7,Western Cleveland
61,Emergency Medicine,"Summa Health, Akron",Surgery,Cleveland Clinic Mercy Medical Center (Canton),Obstetrics/Gynecology,"Summa Health, Akron",Psychiatry,Bluestone Child and Adolescent Psychiatric Hospital,Family Medicine,Mercy Health St. Elizabeth Boardman,Pediatrics,"Akron Children's Hospital, Akron",Internal Medicine,"Summa Health, Akron",Internal Medicine,"Summa Health, Akron",Elective,Generic Elective,72.7,Akron
62,Obstetrics/Gynecology,"Summa Health, Akron",Elective,Generic Elective,Emergency Medicine,"Summa Health, Akron",Surgery,"Summa Health, Akron",Internal Medicine,"Summa Health, Akron",Internal Medicine,"Summa Health, Akron",Pediatrics,"Akron Children's Hospital, Akron",Psychiatry,"Summa Health, Akron",Family Medicine,"Summa Health Systems, Barberton Campus",15.8,Akron
63,Internal Medicine,"Summa Health, Akron",Internal Medicine,"Summa Health, Akron",Obstetrics/Gynecology,Aultman Hospital,Psychiatry,"Summa Health, Akron",Elective,Generic Elective,Pediatrics,"Akron Children's Hospital, Akron",Emergency Medicine,"Summa Health, Akron",Surgery,"Summa Health, Akron",Family Medicine,Mercy Health St. Elizabeth Youngstown,66.3,Akron
64,Elective,Generic Elective,Psychiatry,Cleveland Clinic Akron General,Internal Medicine,Western Reserve Hospital,Internal Medicine,Western Reserve Hospital,Emergency Medicine,Cleveland Clinic Akron General,Surgery,Cleveland Clinic Mercy Medical Center (Canton),Family Medicine,Cleveland Clinic Akron General,Pediatrics,"Akron Children's Hospital, Akron",Obstetrics/Gynecology,Cleveland Clinic Akron General,29.5,Akron
65,Internal Medicine,Western Reserve Hospital,Internal Medicine,Western Reserve Hospital,Obstetrics/Gynecology,Cleveland Clinic Akron General,Psychiatry,Cleveland Clinic Akron General,Elective,Generic Elective,Family Medicine,Mercy Health St. Elizabeth Boardman,Pediatrics,"Akron Children's Hospital, Akron",Emergency Medicine,Cleveland Clinic Akron General,Surgery,Cleveland Clinic Akron General,61.4,Akron
66,Psychiatry,UH Cleveland Medical Center,Pediatrics,UH Cleveland Medical Center,Internal Medicine,MetroHealth Medical Center,Internal Medicine,MetroHealth Medical Center,Elective,Generic Elective,Obstetrics/Gynecology,UH St. John Medical Center,Family Medicine,MetroHealth Medical Center,Emergency Medicine,MetroHealth Medical Center,Surgery,UH Cleveland Medical Center,34.1,Western Cleveland
67,Obstetrics/Gynecology,"Summa Health, Akron",Pediatrics,"Akron Children's Hospital, Akron",Psychiatry,"Summa Health, Akron",Family Medicine,"Summa Health Systems, Barberton Campus",Emergency Medicine,"Summa Health, Akron",Surgery,Aultman Hospital,Internal Medicine,"Summa Health, Akron",Internal Medicine,"Summa Health, Akron",Elective,Generic Elective,29.6,Akron
68,Emergency Medicine,Cleveland Clinic Akron General,Surgery,Cleveland Clinic Akron General,Pediatrics,"Akron Children's Hospital, Akron",Family Medicine,Cleveland Clinic Akron General,Internal Medicine,Cleveland Clinic Akron General,Internal Medicine,Cleveland Clinic Akron General,Psychiatry,Cleveland Clinic Akron General,Obstetrics/Gynecology,Cleveland Clinic Akron General,Elective,Generic Elective,3.9,Akron
69,Internal Medicine,UH Parma Medical Center,Internal Medicine,UH Parma Medical Center,Pediatrics,"Akron Children's Hospital, Akron",Psychiatry,"Summa Health, Akron",Family Medicine,Mercy Health St. Elizabeth Youngstown,Emergency Medicine,"Summa Health, Akron",Surgery,"Summa Health, Akron",Obstetrics/Gynecology,Aultman Hospital,Elective,Generic Elective,75.9,Akron
70,Elective,Generic Elective,Family Medicine,Cleveland Clinic Akron General,Emergency Medicine,Cleveland Clinic Akron General,Surgery,Cleveland Clinic Mercy Medical Center (Canton),Psychiatry,Cleveland Clinic Akron General,Pediatrics,"Akron Children's Hospital, Akron",Internal Medicine,Cleveland Clinic Akron General,Internal Medicine,Cleveland Clinic Akron General,Obstetrics/Gynecology,Cleveland Clinic Akron General,26,Akron
71,Psychiatry,Cleveland Clinic Akron General,Family Medicine,Cleveland Clinic Akron General,Internal Medicine,Aultman/Mercy,Internal Medicine,Aultman/Mercy,Elective,Generic Elective,Surgery,Cleveland Clinic Akron General,Emergency Medicine,Cleveland Clinic Akron General,Obstetrics/Gynecology,Cleveland Clinic Akron General,Pediatrics,"Akron Children's Hospital, Akron",28.4,Akron
72,Emergency Medicine,Cleveland Clinic Akron General,Surgery,Aultman Hospital,Psychiatry,Cleveland Clinic Akron General,Pediatrics,"Akron Children's Hospital, Akron",Family Medicine,Cleveland Clinic Akron General,Obstetrics/Gynecology,Cleveland Clinic Akron General,Internal Medicine,Cleveland Clinic Akron General,Internal Medicine,Cleveland Clinic Akron General,Elective,Generic Elective,28.4,Akron
73,Elective,Generic Elective,Pediatrics,"Akron Children's Hospital, Akron",Internal Medicine,"Summa Health, Akron",Internal Medicine,"Summa Health, Akron",Family Medicine,"Summa Health, Akron",Psychiatry,"Summa Health, Akron",Obstetrics/Gynecology,"Summa Health, Akron",Emergency Medicine,"Summa Health, Akron",Surgery,"Summa Health, Akron",6.6,Akron
74,Internal Medicine,Cleveland Clinic Akron General,Internal Medicine,Cleveland Clinic Akron General,Pediatrics,"Akron Children's Hospital, Akron",Family Medicine,Cleveland Clinic Akron General,Elective,Generic Elective,Surgery,Western Reserve Hospital,Emergency Medicine,Cleveland Clinic Akron General,Psychiatry,Cleveland Clinic Akron General,Obstetrics/Gynecology,Cleveland Clinic Akron General,13.6,Akron
75,Psychiatry,"Summa Health, Akron",Family Medicine,Mercy Health St. Elizabeth Boardman,Pediatrics,"Akron Children's Hospital, Akron",Obstetrics/Gynecology,Aultman Hospital,Internal Medicine,"Summa Health, Akron",Internal Medicine,"Summa Health, Akron",Surgery,"Summa Health, Akron",Emergency Medicine,"Summa Health, Akron",Elective,Generic Elective,67.1,Akron
76,Family Medicine,Aultman Hospital,Elective,Generic Elective,Surgery,"Summa Health, Akron",Emergency Medicine,"Summa Health, Akron",Pediatrics,"Akron Children's Hospital, Akron",Psychiatry,"Summa Health, Akron",Internal Medicine,"Summa Health, Akron",Internal Medicine,"Summa Health, Akron",Obstetrics/Gynecology,"Summa Health, Akron",26.9,Akron
77,Internal Medicine,"Summa Health, Akron",Internal Medicine,"Summa Health, Akron",Family Medicine,Mercy Health St. Elizabeth Boardman,Emergency Medicine,"Summa Health, Akron",Surgery,"Summa Health, Akron",Elective,Generic Elective,Obstetrics/Gynecology,Aultman Hospital,Pediatrics,"Akron Children's Hospital, Akron",Psychiatry,"Summa Health, Akron",67.1,Akron
78,Surgery,"Summa Health, Akron",Emergency Medicine,"Summa Health, Akron",Internal Medicine,"Summa Health, Akron",Internal Medicine,"Summa Health, Akron",Psychiatry,"Summa Health, Akron",Pediatrics,"Akron Children's Hospital, Akron",Obstetrics/Gynecology,"Summa Health, Akron",Family Medicine,Cleveland Clinic Akron General,Elective,Generic Elective,8,Akron
79,Elective,Generic Elective,Family Medicine,Mercy Health St. Elizabeth Boardman,Obstetrics/Gynecology,Aultman Hospital,Psychiatry,"Summa Health, Akron",Surgery,"Summa Health, Akron",Emergency Medicine,"Summa Health, Akron",Internal Medicine,UH St. John Medical Center,Internal Medicine,UH St. John Medical Center,Pediatrics,"Akron Children's Hospital, Akron",88.5,Akron
80,Family Medicine,Mercy Health St. Elizabeth Youngstown,Obstetrics/Gynecology,Aultman Hospital,Internal Medicine,Western Reserve Hospital,Internal Medicine,Western Reserve Hospital,Surgery,Cleveland Clinic Akron General,Emergency Medicine,"Summa Health, Akron",Elective,Generic Elective,Psychiatry,"Summa Health, Akron",Pediatrics,"Akron Children's Hospital, Akron",66.3,Akron
81,Family Medicine,Aultman Hospital,Obstetrics/Gynecology,"Summa Health, Akron",Emergency Medicine,"Summa Health, Akron",Surgery,Cleveland Clinic Mercy Medical Center (Canton),Internal Medicine,"Summa Health, Akron",Internal Medicine,"Summa Health, Akron",Psychiatry,"Summa Health, Akron",Pediatrics,"Akron Children's Hospital, Akron",Elective,Generic Elective,26.9,Akron
82,Elective,Generic Elective,Surgery,Cleveland Clinic Akron General,Emergency Medicine,Cleveland Clinic Akron General,Pediatrics,"Akron Children's Hospital, Akron",Obstetrics/Gynecology,Cleveland Clinic Akron General,Family Medicine,Cleveland Clinic Akron General,Internal Medicine,Cleveland Clinic Akron General,Internal Medicine,Cleveland Clinic Akron General,Psychiatry,Cleveland Clinic Akron General,3.9,Akron
83,Internal Medicine,"Summa Health, Akron",Internal Medicine,"Summa Health, Akron",Family Medicine,Cleveland Clinic Akron General,Pediatrics,"Akron Children's Hospital, Akron",Emergency Medicine,"Summa Health, Akron",Surgery,"Summa Health, Akron",Elective,Generic Elective,Obstetrics/Gynecology,"Summa Health, Akron",Psychiatry,"Summa Health, Akron",8,Akron
84,Elective,Generic Elective,Family Medicine,Cleveland Clinic Akron General,Psychiatry,Cleveland Clinic Akron General,Pediatrics,"Akron Children's Hospital, Akron",Internal Medicine,Cleveland Clinic Akron General,Internal Medicine,Cleveland Clinic Akron General,Obstetrics/Gynecology,Cleveland Clinic Akron General,Surgery,Cleveland Clinic Akron General,Emergency Medicine,Cleveland Clinic Akron General,3.9,Akron
85,Family Medicine,Cleveland Clinic Akron General,Obstetrics/Gynecology,Cleveland Clinic Akron General,Emergency Medicine,Cleveland Clinic Akron General,Surgery,Cleveland Clinic Akron General,Internal Medicine,Cleveland Clinic Akron General,Internal Medicine,Cleveland Clinic Akron General,Psychiatry,Cleveland Clinic Akron General,Pediatrics,"Akron Children's Hospital, Akron",Elective,Generic Elective,3.9,Akron
86,Internal Medicine,"Summa Health, Akron",Internal Medicine,"Summa Health, Akron",Psychiatry,"Summa Health, Akron",Elective,Generic Elective,Pediatrics,"Akron Children's Hospital, Akron",Family Medicine,"Summa Health, Akron",Obstetrics/Gynecology,Aultman Hospital,Surgery,Cleveland Clinic Mercy Medical Center (Canton),Emergency Medicine,"Summa Health, Akron",26.9,Akron
87,Internal Medicine,Cleveland Clinic Akron General,Internal Medicine,Cleveland Clinic Akron General,Elective,Generic Elective,Pediatrics,"Akron Children's Hospital, Akron",Psychiatry,Cleveland Clinic Akron General,Family Medicine,MetroHealth Medical Center,Emergency Medicine,Cleveland Clinic Akron General,Surgery,Cleveland Clinic Akron General,Obstetrics/Gynecology,Aultman Hospital,61.2,Akron
88,Emergency Medicine,"Summa Health, Akron",Surgery,"Summa Health, Akron",Family Medicine,Mercy Health St. Elizabeth Youngstown,Psychiatry,"Summa Health, Akron",Internal Medicine,Western Reserve Hospital,Internal Medicine,Western Reserve Hospital,Obstetrics/Gynecology,Cleveland Clinic Akron General,Pediatrics,"Akron Children's Hospital, Akron",Elective,Generic Elective,54.8,Akron
89,Emergency Medicine,Cleveland Clinic Akron General,Surgery,Cleveland Clinic Akron General,Internal Medicine,Cleveland Clinic Akron General,Internal Medicine,Cleveland Clinic Akron General,Pediatrics,"Akron Children's Hospital, Akron",Obstetrics/Gynecology,Cleveland Clinic Akron General,Family Medicine,Cleveland Clinic Akron General,Psychiatry,Cleveland Clinic Akron General,Elective,Generic Elective,3.9,Akron
90,Surgery,"Summa Health, Akron",Emergency Medicine,"Summa Health, Akron",Internal Medicine,UH Geauga Medical Center,Internal Medicine,UH Geauga Medical Center,Family Medicine,"Summa Health, Akron",Pediatrics,"Akron Children's Hospital, Akron",Obstetrics/Gynecology,"Summa Health, Akron",Elective,Generic Elective,Psychiatry,"Summa Health, Akron",56.5,Akron
91,Elective,Generic Elective,Pediatrics,"Akron Children's Hospital, Akron",Internal Medicine,Aultman/Mercy,Internal Medicine,Aultman/Mercy,Psychiatry,Mercy Health St. Elizabeth Youngstown,Surgery,Aultman Hospital,Emergency Medicine,Aultman Hospital,Family Medicine,Aultman Hospital,Obstetrics/Gynecology,Aultman Hospital,66.3,Canton
92,Obstetrics/Gynecology,Aultman Hospital,Psychiatry,Mercy Health Lorain Hospital,Elective,Generic Elective,Family Medicine,UH St. John Medical Center,Internal Medicine,UH St. John Medical Center,Internal Medicine,UH St. John Medical Center,Surgery,Cleveland Clinic Fairview Hospital,Emergency Medicine,UH St. John Medical Center,Pediatrics,"Akron Children's Hospital, Akron",83.1,Western Cleveland
93,Elective,Generic Elective,Psychiatry,"Summa Health, Akron",Pediatrics,"Akron Children's Hospital, Akron",Surgery,"Summa Health, Akron",Emergency Medicine,"Summa Health, Akron",Obstetrics/Gynecology,"Summa Health, Akron",Internal Medicine,Aultman/Mercy,Internal Medicine,Aultman/Mercy,Family Medicine,Aultman Hospital,26.9,Akron
94,Obstetrics/Gynecology,Aultman Hospital,Family Medicine,Aultman Hospital,Pediatrics,"Akron Children's Hospital, Akron",Elective,Generic Elective,Internal Medicine,Aultman/Mercy,Internal Medicine,Aultman/Mercy,Psychiatry,Louis Stokes Cleveland VA,Surgery,Aultman Hospital,Emergency Medicine,Aultman Hospital,66.2,Canton
95,Elective,Generic Elective,Obstetrics/Gynecology,Aultman Hospital,Emergency Medicine,Cleveland Clinic Akron General,Surgery,Aultman Hospital,Internal Medicine,Aultman/Mercy,Internal Medicine,Aultman/Mercy,Psychiatry,Northcoast Behavioral Health,Family Medicine,Aultman Hospital,Pediatrics,"Akron Children's Hospital, Akron",50.3,Canton
96,Pediatrics,"Akron Children's Hospital, Akron",Elective,Generic Elective,Family Medicine,Aultman Hospital,Obstetrics/Gynecology,Aultman Hospital,Internal Medicine,Aultman/Mercy,Internal Medicine,Aultman/Mercy,Psychiatry,"Summa Health, Akron",Surgery,Aultman Hospital,Emergency Medicine,Aultman Hospital,26.9,Canton
97,Obstetrics/Gynecology,OhioHealth Riverside Methodist Hospital,Emergency Medicine,"Summa Health, Akron",Surgery,"Summa Health, Akron",Elective,Generic Elective,Psychiatry,"Summa Health, Akron",Family Medicine,"Summa Health, Akron",Internal Medicine,Aultman/Mercy,Internal Medicine,Aultman/Mercy,Pediatrics,"Akron Children's Hospital, Akron",118.1,Akron
98,Elective,Generic Elective,Psychiatry,Bluestone Child and Adolescent Psychiatric Hospital,Pediatrics,"Akron Children's Hospital, Akron",Obstetrics/Gynecology,Aultman Hospital,Internal Medicine,Aultman/Mercy,Internal Medicine,Aultman/Mercy,Family Medicine,Aultman Hospital,Emergency Medicine,Aultman Hospital,Surgery,Aultman Hospital,58.3,Canton
99,Internal Medicine,Aultman/Mercy,Internal Medicine,Aultman/Mercy,Surgery,Aultman Hospital,Emergency Medicine,Cleveland Clinic Union Hospital,Obstetrics/Gynecology,Aultman Hospital,Psychiatry,Mercy Health St. Elizabeth Youngstown,Elective,Generic Elective,Family Medicine,Mercy Health St. Elizabeth Boardman,Pediatrics,"Akron Children's Hospital, Akron",89.9,Canton
100,Internal Medicine,Aultman/Mercy,Internal Medicine,Aultman/Mercy,Elective,Generic Elective,Psychiatry,UH Cleveland Medical Center,Surgery,Aultman Hospital,Emergency Medicine,Aultman Hospital,Obstetrics/Gynecology,Aultman Hospital,Pediatrics,"Akron Children's Hospital, Akron",Family Medicine,Aultman Hospital,56.5,Canton
101,Family Medicine,Aultman Hospital,Elective,Generic Elective,Surgery,Aultman Hospital,Emergency Medicine,Cleveland Clinic Union Hospital,Obstetrics/Gynecology,Aultman Hospital,Pediatrics,"Akron Children's Hospital, Akron",Internal Medicine,Aultman/Mercy,Internal Medicine,Aultman/Mercy,Psychiatry,"Summa Health, Akron",51.8,Canton
102,Surgery,Aultman Hospital,Emergency Medicine,Cleveland Clinic Union Hospital,Pediatrics,"Akron Children's Hospital, Akron",Obstetrics/Gynecology,Aultman Hospital,Internal Medicine,Aultman/Mercy,Internal Medicine,Aultman/Mercy,Psychiatry,UH Cleveland Medical Center,Elective,Generic Elective,Family Medicine,Aultman Hospital,79.4,Canton
103,Psychiatry,Bluestone Child and Adolescent Psychiatric Hospital,Obstetrics/Gynecology,Aultman Hospital,Internal Medicine,Aultman/Mercy,Internal Medicine,Aultman/Mercy,Family Medicine,Aultman Hospital,Elective,Generic Elective,Pediatrics,"Akron Children's Hospital, Akron",Emergency Medicine,Aultman Hospital,Surgery,Aultman Hospital,58.3,Canton
104,Elective,Generic Elective,Psychiatry,"Summa Health, Akron",Obstetrics/Gynecology,Aultman Hospital,Surgery,"Summa Health, Akron",Emergency Medicine,"Summa Health, Akron",Pediatrics,"Akron Children's Hospital, Akron",Internal Medicine,"Summa Health, Akron",Internal Medicine,"Summa Health, Akron",Family Medicine,"Summa Health Systems, Barberton Campus",29.6,Akron
105,Psychiatry,Louis Stokes Cleveland VA,Family Medicine,Aultman Hospital,Internal Medicine,Aultman/Mercy,Internal Medicine,Aultman/Mercy,Obstetrics/Gynecology,Aultman Hospital,Emergency Medicine,Aultman Hospital,Surgery,Aultman Hospital,Elective,Generic Elective,Pediatrics,"Akron Children's Hospital, Akron",66.2,Canton
106,Elective,Generic Elective,Pediatrics,"Akron Children's Hospital, Akron",Internal Medicine,Aultman/Mercy,Internal Medicine,Aultman/Mercy,Obstetrics/Gynecology,Aultman Hospital,Family Medicine,Aultman Hospital,Psychiatry,"Summa Health, Akron",Emergency Medicine,Aultman Hospital,Surgery,Aultman Hospital,26.9,Canton
107,Internal Medicine,Aultman/Mercy,Internal Medicine,Aultman/Mercy,Psychiatry,UH Cleveland Medical Center,Family Medicine,Aultman Hospital,Elective,Generic Elective,Surgery,Aultman Hospital,Emergency Medicine,Aultman Hospital,Pediatrics,"Akron Children's Hospital, Akron",Obstetrics/Gynecology,Aultman Hospital,56.5,Canton
108,Internal Medicine,Aultman/Mercy,Internal Medicine,Aultman/Mercy,Pediatrics,"Akron Children's Hospital, Akron",Family Medicine,Aultman Hospital,Surgery,Aultman Hospital,Emergency Medicine,Aultman Hospital,Obstetrics/Gynecology,Aultman Hospital,Psychiatry,UH Cleveland Medical Center,Elective,Generic Elective,56.5,Canton
109,Surgery,Cleveland Clinic Akron General,Emergency Medicine,Cleveland Clinic Akron General,Pediatrics,"Akron Children's Hospital, Akron",Psychiatry,Cleveland Clinic Akron General,Obstetrics/Gynecology,Cleveland Clinic Akron General,Family Medicine,Aultman Hospital,Internal Medicine,Cleveland Clinic Akron General,Internal Medicine,Cleveland Clinic Akron General,Elective,Generic Elective,28.4,Akron
110,Elective,Generic Elective,Pediatrics,"Akron Children's Hospital, Akron",Internal Medicine,OhioHealth Riverside Methodist Hospital,Internal Medicine,OhioHealth Riverside Methodist Hospital,Obstetrics/Gynecology,OhioHealth Riverside Methodist Hospital,Surgery,OhioHealth Riverside Methodist Hospital,Emergency Medicine,Columbus VA Clinic,Psychiatry,Columbus VA Clinic,Family Medicine,Mount Carmel Health System,115.5,Columbus
111,Psychiatry,UH Cleveland Medical Center,Elective,Generic Elective,Pediatrics,MetroHealth Medical Center,Emergency Medicine,MetroHealth Medical Center,Surgery,Cleveland Clinic Fairview Hospital,Obstetrics/Gynecology,UH Ahuja Medical Center,Internal Medicine,UH Parma Medical Center,Internal Medicine,UH Parma Medical Center,Family Medicine,Mercy Health St. Elizabeth Boardman,83.6,Eastern Cleveland
112,Family Medicine,Mount Carmel Health System,Elective,Generic Elective,Internal Medicine,OhioHealth Riverside Methodist Hospital,Internal Medicine,OhioHealth Riverside Methodist Hospital,Psychiatry,Columbus VA Clinic,Obstetrics/Gynecology,OhioHealth Riverside Methodist Hospital,Pediatrics,"Akron Children's Hospital, Akron",Surgery,OhioHealth Riverside Methodist Hospital,Emergency Medicine,Columbus VA Clinic,115.5,Columbus
113,Internal Medicine,Mercy Health St. Elizabeth Youngstown,Internal Medicine,Mercy Health St. Elizabeth Youngstown,Surgery,Mercy Health St. Elizabeth Youngstown,Emergency Medicine,Mercy Health St. Elizabeth Youngstown,Pediatrics,"Akron Children's Hospital, Beeghley",Psychiatry,Mercy Health St. Elizabeth Youngstown,Obstetrics/Gynecology,Mercy Health St. Elizabeth Youngstown,Elective,Generic Elective,Family Medicine,Mercy Health St. Elizabeth Youngstown,16.7,Youngstown
114,Elective,Generic Elective,Psychiatry,Louis Stokes Cleveland VA,Surgery,UH Lake Health West Medical Center,Emergency Medicine,UH Lake Health West Medical Center,Internal Medicine,UH Geauga Medical Center,Internal Medicine,UH Geauga Medical Center,Obstetrics/Gynecology,UH TriPoint Medical Center,Family Medicine,UH Lake Health West Medical Center,Pediatrics,UH Cleveland Medical Center,53.3,Eastern Cleveland
115,Emergency Medicine,UH Lake Health West Medical Center,Surgery,UH Lake Health West Medical Center,Pediatrics,UH Cleveland Medical Center,Family Medicine,UH Lake Health West Medical Center,Obstetrics/Gynecology,UH TriPoint Medical Center,Elective,Generic Elective,Internal Medicine,UH Geauga Medical Center,Internal Medicine,UH Geauga Medical Center,Psychiatry,Louis Stokes Cleveland VA,53.3,Eastern Cleveland
116,Obstetrics/Gynecology,Cleveland Clinic Akron General,Pediatrics,"Akron Children's Hospital, Akron",Internal Medicine,Cleveland Clinic Fairview Hospital,Internal Medicine,Cleveland Clinic Fairview Hospital,Family Medicine,MetroHealth Medical Center,Surgery,UH Cleveland Medical Center,Emergency Medicine,MetroHealth Medical Center,Psychiatry,Louis Stokes Cleveland VA,Elective,Generic Elective,49.6,Western Cleveland
117,Internal Medicine,UH Geauga Medical Center,Internal Medicine,UH Geauga Medical Center,Obstetrics/Gynecology,UH Ahuja Medical Center,Family Medicine,UH Lake Health West Medical Center,Pediatrics,Senders Pediatrics,Psychiatry,Bluestone Child and Adolescent Psychiatric Hospital,Surgery,UH Cleveland Medical Center,Emergency Medicine,UH Ahuja Medical Center,Elective,Generic Elective,53.3,Eastern Cleveland
118,Elective,Generic Elective,Pediatrics,UH Cleveland Medical Center,Internal Medicine,UH St. John Medical Center,Internal Medicine,UH St. John Medical Center,Obstetrics/Gynecology,UH St. John Medical Center,Family Medicine,UH St. John Medical Center,Psychiatry,Mercy Health Lorain Hospital,Surgery,Cleveland Clinic Fairview Hospital,Emergency Medicine,UH St. John Medical Center,37.4,Western Cleveland
119,Internal Medicine,UH Geauga Medical Center,Internal Medicine,UH Geauga Medical Center,Emergency Medicine,UH Lake Health West Medical Center,Surgery,UH Lake Health West Medical Center,Psychiatry,Louis Stokes Cleveland VA,Obstetrics/Gynecology,UH TriPoint Medical Center,Pediatrics,Senders Pediatrics,Elective,Generic Elective,Family Medicine,UH Lake Health West Medical Center,48.3,Eastern Cleveland
120,Internal Medicine,Mercy Health St. Elizabeth Youngstown,Internal Medicine,Mercy Health St. Elizabeth Youngstown,Elective,Generic Elective,Family Medicine,Mercy Health St. Elizabeth Youngstown,Psychiatry,Mercy Health St. Elizabeth Youngstown,Pediatrics,"Akron Children's Hospital, Beeghley",Obstetrics/Gynecology,OhioHealth Riverside Methodist Hospital,Surgery,Mercy Health St. Elizabeth Youngstown,Emergency Medicine,Mercy Health St. Elizabeth Youngstown,162.2,Youngstown
121,Obstetrics/Gynecology,UH Ahuja Medical Center,Family Medicine,UH Lake Health West Medical Center,Internal Medicine,UH Geauga Medical Center,Internal Medicine,UH Geauga Medical Center,Surgery,UH Cleveland Medical Center,Emergency Medicine,UH Ahuja Medical Center,Elective,Generic Elective,Psychiatry,Bluestone Child and Adolescent Psychiatric Hospital,Pediatrics,Senders Pediatrics,53.3,Eastern Cleveland
122,Surgery,UH Lake Health West Medical Center,Emergency Medicine,UH Lake Health West Medical Center,Elective,Generic Elective,Psychiatry,Louis Stokes Cleveland VA,Family Medicine,UH Lake Health West Medical Center,Pediatrics,UH Cleveland Medical Center,Internal Medicine,Cleveland Clinic Fairview Hospital,Internal Medicine,Cleveland Clinic Fairview Hospital,Obstetrics/Gynecology,UH TriPoint Medical Center,43.8,Eastern Cleveland
123,Elective,Generic Elective,Obstetrics/Gynecology,UH Ahuja Medical Center,Family Medicine,UH Lake Health West Medical Center,Pediatrics,Senders Pediatrics,Internal Medicine,MetroHealth Medical Center,Internal Medicine,MetroHealth Medical Center,Surgery,UH Cleveland Medical Center,Emergency Medicine,UH Ahuja Medical Center,Psychiatry,Bluestone Child and Adolescent Psychiatric Hospital,29.3,Eastern Cleveland
124,Pediatrics,UH Cleveland Medical Center,Family Medicine,UH St. John Medical Center,Obstetrics/Gynecology,UH Ahuja Medical Center,Psychiatry,Louis Stokes Cleveland VA,Surgery,MetroHealth Medical Center,Emergency Medicine,MetroHealth Medical Center,Internal Medicine,UH St. John Medical Center,Internal Medicine,UH St. John Medical Center,Elective,Generic Elective,34.1,Western Cleveland
125,Obstetrics/Gynecology,UH St. John Medical Center,Elective,Generic Elective,Internal Medicine,Cleveland Clinic Fairview Hospital,Internal Medicine,Cleveland Clinic Fairview Hospital,Pediatrics,UH Cleveland Medical Center,Family Medicine,UH St. John Medical Center,Psychiatry,UH Cleveland Medical Center,Emergency Medicine,MetroHealth Medical Center,Surgery,Cleveland Clinic Fairview Hospital,34.1,Western Cleveland
126,Family Medicine,UH St. John Medical Center,Pediatrics,UH Cleveland Medical Center,Internal Medicine,UH St. John Medical Center,Internal Medicine,UH St. John Medical Center,Psychiatry,Mercy Health Lorain Hospital,Surgery,Cleveland Clinic Fairview Hospital,Emergency Medicine,MetroHealth Medical Center,Elective,Generic Elective,Obstetrics/Gynecology,UH St. John Medical Center,38.7,Western Cleveland
127,Obstetrics/Gynecology,UH Ahuja Medical Center,Pediatrics,"Akron Children's Hospital, Akron",Internal Medicine,UH Parma Medical Center,Internal Medicine,UH Parma Medical Center,Surgery,Cleveland Clinic Fairview Hospital,Emergency Medicine,MetroHealth Medical Center,Psychiatry,MetroHealth Medical Center,Family Medicine,MetroHealth Medical Center,Elective,Generic Elective,49.1,Western Cleveland
128,Elective,Generic Elective,Pediatrics,MetroHealth Medical Center,Internal Medicine,MetroHealth Medical Center,Internal Medicine,MetroHealth Medical Center,Psychiatry,MetroHealth Medical Center,Obstetrics/Gynecology,UH Ahuja Medical Center,Emergency Medicine,MetroHealth Medical Center,Surgery,MetroHealth Medical Center,Family Medicine,MetroHealth Medical Center,18.9,Western Cleveland
129,Internal Medicine,UH St. John Medical Center,Internal Medicine,UH St. John Medical Center,Psychiatry,UH Cleveland Medical Center,Pediatrics,UH Cleveland Medical Center,Family Medicine,MetroHealth Medical Center,Emergency Medicine,MetroHealth Medical Center,Surgery,MetroHealth Medical Center,Obstetrics/Gynecology,UH St. John Medical Center,Elective,Generic Elective,34.1,Western Cleveland
130,Pediatrics,UH Cleveland Medical Center,Obstetrics/Gynecology,UH St. John Medical Center,Internal Medicine,UH St. John Medical Center,Internal Medicine,UH St. John Medical Center,Family Medicine,UH St. John Medical Center,Emergency Medicine,UH St. John Medical Center,Surgery,Cleveland Clinic Fairview Hospital,Psychiatry,Mercy Health Lorain Hospital,Elective,Generic Elective,37.4,Western Cleveland
131,Elective,Generic Elective,Surgery,Cleveland Clinic Fairview Hospital,Emergency Medicine,UH Ahuja Medical Center,Pediatrics,UH Cleveland Medical Center,Internal Medicine,UH St. John Medical Center,Internal Medicine,UH St. John Medical Center,Obstetrics/Gynecology,UH St. John Medical Center,Family Medicine,UH St. John Medical Center,Psychiatry,Mercy Health Lorain Hospital,51.2,Western Cleveland
132,Obstetrics/Gynecology,UH St. John Medical Center,Elective,Generic Elective,Internal Medicine,UH St. John Medical Center,Internal Medicine,UH St. John Medical Center,Psychiatry,Mercy Health Lorain Hospital,Surgery,Cleveland Clinic Fairview Hospital,Emergency Medicine,UH St. John Medical Center,Family Medicine,UH St. John Medical Center,Pediatrics,UH Cleveland Medical Center,37.4,Western Cleveland
133,Pediatrics,"Akron Children's Hospital, Akron",Psychiatry,UH Cleveland Medical Center,Emergency Medicine,MetroHealth Medical Center,Surgery,MetroHealth Medical Center,Internal Medicine,MetroHealth Medical Center,Internal Medicine,MetroHealth Medical Center,Elective,Generic Elective,Obstetrics/Gynecology,UH Ahuja Medical Center,Family Medicine,MetroHealth Medical Center,40.9,Eastern Cleveland
134,Psychiatry,Mercy Health Lorain Hospital,Family Medicine,UH St. John Medical Center,Pediatrics,Senders Pediatrics,Surgery,Cleveland Clinic Fairview Hospital,Emergency Medicine,UH St. John Medical Center,Obstetrics/Gynecology,UH St. John Medical Center,Internal Medicine,UH St. John Medical Center,Internal Medicine,UH St. John Medical Center,Elective,Generic Elective,59.5,Western Cleveland
135,Surgery,UH Cleveland Medical Center,Emergency Medicine,MetroHealth Medical Center,Psychiatry,Louis Stokes Cleveland VA,Family Medicine,Mercy Health St. Elizabeth Boardman,Internal Medicine,UH Parma Medical Center,Internal Medicine,UH Parma Medical Center,Elective,Generic Elective,Pediatrics,UH Cleveland Medical Center,Obstetrics/Gynecology,Aultman Hospital,84.6,Eastern Cleveland
136,Family Medicine,UH St. John Medical Center,Pediatrics,"Akron Children's Hospital, Akron",Obstetrics/Gynecology,UH St. John Medical Center,Elective,Generic Elective,Surgery,Cleveland Clinic Fairview Hospital,Emergency Medicine,UH St. John Medical Center,Internal Medicine,UH St. John Medical Center,Internal Medicine,UH St. John Medical Center,Psychiatry,UH Cleveland Medical Center,51.2,Western Cleveland
137,Pediatrics,"Akron Children's Hospital, Akron",Psychiatry,UH Cleveland Medical Center,Elective,Generic Elective,Surgery,Cleveland Clinic Akron General,Emergency Medicine,Cleveland Clinic Akron General,Obstetrics/Gynecology,Cleveland Clinic Akron General,Internal Medicine,UH St. John Medical Center,Internal Medicine,UH St. John Medical Center,Family Medicine,Cleveland Clinic Akron General,51.6,Akron
138,Emergency Medicine,UH Ahuja Medical Center,Surgery,UH Cleveland Medical Center,Family Medicine,MetroHealth Medical Center,Pediatrics,MetroHealth Medical Center,Obstetrics/Gynecology,UH Ahuja Medical Center,Elective,Generic Elective,Internal Medicine,Cleveland Clinic Fairview Hospital,Internal Medicine,Cleveland Clinic Fairview Hospital,Psychiatry,MetroHealth Medical Center,30.7,Western Cleveland
139,Psychiatry,MetroHealth Medical Center,Obstetrics/Gynecology,UH St. John Medical Center,Pediatrics,UH Cleveland Medical Center,Elective,Generic Elective,Internal Medicine,UH St. John Medical Center,Internal Medicine,UH St. John Medical Center,Family Medicine,UH St. John Medical Center,Emergency Medicine,UH St. John Medical Center,Surgery,Cleveland Clinic Fairview Hospital,34.1,Western Cleveland
140,Pediatrics,"Akron Children's Hospital, Akron",Psychiatry,MetroHealth Medical Center,Elective,Generic Elective,Family Medicine,MetroHealth Medical Center,Internal Medicine,UH St. John Medical Center,Internal Medicine,UH St. John Medical Center,Obstetrics/Gynecology,UH Ahuja Medical Center,Emergency Medicine,MetroHealth Medical Center,Surgery,MetroHealth Medical Center,51.2,Western Cleveland
141,Internal Medicine,UH St. John Medical Center,Internal Medicine,UH St. John Medical Center,Obstetrics/Gynecology,UH St. John Medical Center,Family Medicine,UH St. John Medical Center,Pediatrics,UH Cleveland Medical Center,Elective,Generic Elective,Psychiatry,Mercy Health Lorain Hospital,Emergency Medicine,MetroHealth Medical Center,Surgery,Cleveland Clinic Fairview Hospital,38.7,Western Cleveland
142,Emergency Medicine,MetroHealth Medical Center,Surgery,UH Cleveland Medical Center,Elective,Generic Elective,Psychiatry,MetroHealth Medical Center,Internal Medicine,UH St. John Medical Center,Internal Medicine,UH St. John Medical Center,Pediatrics,UH Cleveland Medical Center,Obstetrics/Gynecology,Aultman Hospital,Family Medicine,MetroHealth Medical Center,71.5,Western Cleveland
143,Internal Medicine,UH St. John Medical Center,Internal Medicine,UH St. John Medical Center,Family Medicine,UH St. John Medical Center,Elective,Generic Elective,Pediatrics,UH Cleveland Medical Center,Psychiatry,Mercy Health Lorain Hospital,Obstetrics/Gynecology,UH St. John Medical Center,Surgery,Cleveland Clinic Fairview Hospital,Emergency Medicine,UH St. John Medical Center,37.4,Western Cleveland
144,Elective,Generic Elective,Psychiatry,Louis Stokes Cleveland VA,Family Medicine,UH Lake Health West Medical Center,Obstetrics/Gynecology,UH TriPoint Medical Center,Internal Medicine,UH Geauga Medical Center,Internal Medicine,UH Geauga Medical Center,Pediatrics,UH Cleveland Medical Center,Surgery,UH Lake Health West Medical Center,Emergency Medicine,UH Lake Health West Medical Center,53.3,Eastern Cleveland
145,Internal Medicine,Cleveland Clinic Fairview Hospital,Internal Medicine,Cleveland Clinic Fairview Hospital,Family Medicine,UH St. John Medical Center,Surgery,Cleveland Clinic Fairview Hospital,Emergency Medicine,MetroHealth Medical Center,Psychiatry,UH Cleveland Medical Center,Elective,Generic Elective,Pediatrics,UH Cleveland Medical Center,Obstetrics/Gynecology,UH St. John Medical Center,34.1,Western Cleveland
146,Elective,Generic Elective,Pediatrics,MetroHealth Medical Center,Family Medicine,MetroHealth Medical Center,Obstetrics/Gynecology,UH Ahuja Medical Center,Emergency Medicine,MetroHealth Medical Center,Surgery,MetroHealth Medical Center,Internal Medicine,Cleveland Clinic Fairview Hospital,Internal Medicine,Cleveland Clinic Fairview Hospital,Psychiatry,UH Cleveland Medical Center,30.7,Western Cleveland
147,Elective,Generic Elective,Obstetrics/Gynecology,OhioHealth Riverside Methodist Hospital,Internal Medicine,UH St. John Medical Center,Internal Medicine,UH St. John Medical Center,Family Medicine,UH St. John Medical Center,Pediatrics,UH Cleveland Medical Center,Emergency Medicine,UH St. John Medical Center,Surgery,Cleveland Clinic Fairview Hospital,Psychiatry,Mercy Health Lorain Hospital,130.1,Western Cleveland
148,Psychiatry,Mercy Health Lorain Hospital,Surgery,Cleveland Clinic Fairview Hospital,Emergency Medicine,UH Ahuja Medical Center,Pediatrics,"Akron Children's Hospital, Akron",Internal Medicine,UH St. John Medical Center,Internal Medicine,UH St. John Medical Center,Family Medicine,UH St. John Medical Center,Obstetrics/Gynecology,UH St. John Medical Center,Elective,Generic Elective,63.7,Western Cleveland
149,Internal Medicine,Cleveland Clinic Fairview Hospital,Internal Medicine,Cleveland Clinic Fairview Hospital,Pediatrics,UH Cleveland Medical Center,Obstetrics/Gynecology,UH St. John Medical Center,Emergency Medicine,UH St. John Medical Center,Surgery,Cleveland Clinic Fairview Hospital,Family Medicine,MetroHealth Medical Center,Psychiatry,UH Cleveland Medical Center,Elective,Generic Elective,34.1,Western Cleveland
150,Emergency Medicine,MetroHealth Medical Center,Surgery,Cleveland Clinic Fairview Hospital,Pediatrics,MetroHealth Medical Center,Family Medicine,MetroHealth Medical Center,Obstetrics/Gynecology,UH Ahuja Medical Center,Psychiatry,MetroHealth Medical Center,Internal Medicine,MetroHealth Medical Center,Internal Medicine,MetroHealth Medical Center,Elective,Generic Elective,30.7,Western Cleveland
151,Family Medicine,UH Lake Health West Medical Center,Elective,Generic Elective,Surgery,UH Cleveland Medical Center,Emergency Medicine,UH Ahuja Medical Center,Internal Medicine,UH Parma Medical Center,Internal Medicine,UH Parma Medical Center,Psychiatry,Bluestone Child and Adolescent Psychiatric Hospital,Pediatrics,Senders Pediatrics,Obstetrics/Gynecology,UH Ahuja Medical Center,39,Eastern Cleveland
152,Pediatrics,UH Cleveland Medical Center,Obstetrics/Gynecology,UH Ahuja Medical Center,Internal Medicine,UH Parma Medical Center,Internal Medicine,UH Parma Medical Center,Emergency Medicine,UH Lake Health West Medical Center,Surgery,Louis Stokes Cleveland VA,Family Medicine,UH Lake Health West Medical Center,Psychiatry,Louis Stokes Cleveland VA,Elective,Generic Elective,39,Eastern Cleveland
153,Internal Medicine,Cleveland Clinic Fairview Hospital,Internal Medicine,Cleveland Clinic Fairview Hospital,Psychiatry,MetroHealth Medical Center,Pediatrics,"Akron Children's Hospital, Akron",Obstetrics/Gynecology,Aultman Hospital,Surgery,UH Cleveland Medical Center,Emergency Medicine,MetroHealth Medical Center,Family Medicine,MetroHealth Medical Center,Elective,Generic Elective,69.5,Western Cleveland
154,Elective,Generic Elective,Psychiatry,Mercy Health Lorain Hospital,Surgery,Cleveland Clinic Fairview Hospital,Emergency Medicine,MetroHealth Medical Center,Obstetrics/Gynecology,UH St. John Medical Center,Pediatrics,"Akron Children's Hospital, Akron",Internal Medicine,UH St. John Medical Center,Internal Medicine,UH St. John Medical Center,Family Medicine,UH St. John Medical Center,63.7,Western Cleveland
155,Emergency Medicine,UH Ahuja Medical Center,Surgery,MetroHealth Medical Center,Obstetrics/Gynecology,UH TriPoint Medical Center,Pediatrics,MetroHealth Medical Center,Internal Medicine,Cleveland Clinic Fairview Hospital,Internal Medicine,Cleveland Clinic Fairview Hospital,Elective,Generic Elective,Psychiatry,MetroHealth Medical Center,Family Medicine,UH St. John Medical Center,50.2,Western Cleveland
156,Obstetrics/Gynecology,UH TriPoint Medical Center,Elective,Generic Elective,Internal Medicine,Cleveland Clinic Fairview Hospital,Internal Medicine,Cleveland Clinic Fairview Hospital,Surgery,UH Cleveland Medical Center,Emergency Medicine,MetroHealth Medical Center,Family Medicine,"Summa Health Systems, Barberton Campus",Pediatrics,UH Cleveland Medical Center,Psychiatry,Louis Stokes Cleveland VA,61.5,Western Cleveland
157,Surgery,Cleveland Clinic Fairview Hospital,Emergency Medicine,UH Ahuja Medical Center,Psychiatry,UH Cleveland Medical Center,Obstetrics/Gynecology,UH St. John Medical Center,Internal Medicine,Cleveland Clinic Fairview Hospital,Internal Medicine,Cleveland Clinic Fairview Hospital,Elective,Generic Elective,Family Medicine,UH St. John Medical Center,Pediatrics,UH Cleveland Medical Center,34.1,Western Cleveland
158,Pediatrics,"Akron Children's Hospital, Akron",Psychiatry,Mercy Health St. Elizabeth Youngstown,Obstetrics/Gynecology,Mercy Health St. Elizabeth Youngstown,Surgery,Mercy Health St. Elizabeth Youngstown,Emergency Medicine,Mercy Health St. Elizabeth Youngstown,Family Medicine,Mercy Health St. Elizabeth Youngstown,Internal Medicine,Mercy Health St. Elizabeth Youngstown,Internal Medicine,Mercy Health St. Elizabeth Youngstown,Elective,Generic Elective,50.6,Youngstown
159,Psychiatry,Mercy Health St. Elizabeth Youngstown,Surgery,Mercy Health St. Elizabeth Youngstown,Emergency Medicine,Mercy Health St. Elizabeth Youngstown,Pediatrics,"Akron Children's Hospital, Beeghley",Obstetrics/Gynecology,Mercy Health St. Elizabeth Youngstown,Elective,Generic Elective,Internal Medicine,Mercy Health St. Elizabeth Youngstown,Internal Medicine,Mercy Health St. Elizabeth Youngstown,Family Medicine,Mercy Health St. Elizabeth Boardman,19.6,Youngstown
160,Internal Medicine,Mercy Health St. Elizabeth Youngstown,Internal Medicine,Mercy Health St. Elizabeth Youngstown,Psychiatry,Mercy Health St. Elizabeth Youngstown,Obstetrics/Gynecology,Mercy Health St. Elizabeth Youngstown,Pediatrics,"Akron Children's Hospital, Beeghley",Family Medicine,Mercy Health St. Elizabeth Youngstown,Surgery,Mercy Health St. Elizabeth Youngstown,Emergency Medicine,Mercy Health St. Elizabeth Youngstown,Elective,Generic Elective,16.7,Youngstown
161,Internal Medicine,Mercy Health St. Elizabeth Youngstown,Internal Medicine,Mercy Health St. Elizabeth Youngstown,Elective,Generic Elective,Psychiatry,Mercy Health St. Elizabeth Youngstown,Family Medicine,Mercy Health St. Elizabeth Youngstown,Pediatrics,"Akron Children's Hospital, Akron",Obstetrics/Gynecology,Mercy Health St. Elizabeth Youngstown,Emergency Medicine,Mercy Health St. Elizabeth Youngstown,Surgery,Mercy Health St. Elizabeth Youngstown,50.6,Youngstown
162,Psychiatry,Mercy Health St. Elizabeth Youngstown,Family Medicine,Mercy Health St. Elizabeth Youngstown,Pediatrics,"Akron Children's Hospital, Beeghley",Emergency Medicine,Mercy Health St. Elizabeth Youngstown,Surgery,Mercy Health St. Elizabeth Youngstown,Elective,Generic Elective,Internal Medicine,Mercy Health St. Elizabeth Youngstown,Internal Medicine,Mercy Health St. Elizabeth Youngstown,Obstetrics/Gynecology,Aultman Hospital,68.6,Youngstown
163,Obstetrics/Gynecology,Aultman Hospital,Family Medicine,Mercy Health St. Elizabeth Youngstown,Elective,Generic Elective,Pediatrics,"Akron Children's Hospital, Beeghley",Internal Medicine,Mercy Health St. Elizabeth Youngstown,Internal Medicine,Mercy Health St. Elizabeth Youngstown,Psychiatry,Mercy Health St. Elizabeth Youngstown,Emergency Medicine,Mercy Health St. Elizabeth Youngstown,Surgery,Mercy Health St. Elizabeth Youngstown,68.6,Youngstown
164,Surgery,Mercy Health St. Elizabeth Youngstown,Emergency Medicine,Mercy Health St. Elizabeth Youngstown,Internal Medicine,Mercy Health St. Elizabeth Youngstown,Internal Medicine,Mercy Health St. Elizabeth Youngstown,Family Medicine,Mercy Health St. Elizabeth Youngstown,Obstetrics/Gynecology,Mercy Health St. Elizabeth Youngstown,Psychiatry,Mercy Health St. Elizabeth Youngstown,Pediatrics,"Akron Children's Hospital, Beeghley",Elective,Generic Elective,16.7,Youngstown
165,Emergency Medicine,Mercy Health St. Elizabeth Youngstown,Surgery,Mercy Health St. Elizabeth Youngstown,Family Medicine,Mercy Health St. Elizabeth Youngstown,Obstetrics/Gynecology,Mercy Health St. Elizabeth Youngstown,Internal Medicine,Mercy Health St. Elizabeth Youngstown,Internal Medicine,Mercy Health St. Elizabeth Youngstown,Pediatrics,"Akron Children's Hospital, Akron",Psychiatry,Mercy Health St. Elizabeth Youngstown,Elective,Generic Elective,50.6,Youngstown
166,Obstetrics/Gynecology,Mercy Health St. Elizabeth Youngstown,Psychiatry,Mercy Health St. Elizabeth Youngstown,Elective,Generic Elective,Surgery,Mercy Health St. Elizabeth Youngstown,Emergency Medicine,Mercy Health St. Elizabeth Youngstown,Family Medicine,Mercy Health St. Elizabeth Youngstown,Internal Medicine,UH Geauga Medical Center,Internal Medicine,UH Geauga Medical Center,Pediatrics,"Akron Children's Hospital, Beeghley",68,Youngstown
167,Surgery,Mercy Health St. Elizabeth Youngstown,Emergency Medicine,Mercy Health St. Elizabeth Youngstown,Internal Medicine,Mercy Health St. Elizabeth Youngstown,Internal Medicine,Mercy Health St. Elizabeth Youngstown,Family Medicine,Mercy Health St. Elizabeth Boardman,Obstetrics/Gynecology,Mercy Health St. Elizabeth Youngstown,Pediatrics,"Akron Children's Hospital, Beeghley",Psychiatry,Mercy Health St. Elizabeth Youngstown,Elective,Generic Elective,19.6,Youngstown
168,Family Medicine,Mercy Health St. Elizabeth Youngstown,Obstetrics/Gynecology,Mercy Health St. Elizabeth Youngstown,Internal Medicine,Mercy Health St. Elizabeth Youngstown,Internal Medicine,Mercy Health St. Elizabeth Youngstown,Pediatrics,"Akron Children's Hospital, Akron",Psychiatry,Mercy Health St. Elizabeth Youngstown,Surgery,Mercy Health St. Elizabeth Youngstown,Emergency Medicine,Mercy Health St. Elizabeth Youngstown,Elective,Generic Elective,50.6,Youngstown
169,Internal Medicine,Mercy Health St. Elizabeth Youngstown,Internal Medicine,Mercy Health St. Elizabeth Youngstown,Psychiatry,Mercy Health St. Elizabeth Youngstown,Elective,Generic Elective,Emergency Medicine,Mercy Health St. Elizabeth Youngstown,Surgery,Mercy Health St. Elizabeth Youngstown,Pediatrics,"Akron Children's Hospital, Beeghley",Family Medicine,Mercy Health St. Elizabeth Youngstown,Obstetrics/Gynecology,Mercy Health St. Elizabeth Youngstown,16.7,Youngstown
170,Surgery,Mercy Health St. Elizabeth Youngstown,Emergency Medicine,Mercy Health St. Elizabeth Youngstown,Psychiatry,Mercy Health St. Elizabeth Youngstown,Family Medicine,Mercy Health St. Elizabeth Youngstown,Obstetrics/Gynecology,Mercy Health St. Elizabeth Youngstown,Pediatrics,"Akron Children's Hospital, Beeghley",Internal Medicine,Mercy Health St. Elizabeth Youngstown,Internal Medicine,Mercy Health St. Elizabeth Youngstown,Elective,Generic Elective,16.7,Youngstown
171,Obstetrics/Gynecology,Aultman Hospital,Surgery,Mercy Health St. Elizabeth Youngstown,Emergency Medicine,Mercy Health St. Elizabeth Youngstown,Family Medicine,Mercy Health St. Elizabeth Youngstown,Pediatrics,"Akron Children's Hospital, Akron",Elective,Generic Elective,Internal Medicine,Mercy Health St. Elizabeth Youngstown,Internal Medicine,Mercy Health St. Elizabeth Youngstown,Psychiatry,Mercy Health St. Elizabeth Youngstown,66.3,Youngstown
172,Pediatrics,"Akron Children's Hospital, Beeghley",Obstetrics/Gynecology,Mercy Health St. Elizabeth Youngstown,Internal Medicine,Mercy Health St. Elizabeth Youngstown,Internal Medicine,Mercy Health St. Elizabeth Youngstown,Surgery,Mercy Health St. Elizabeth Youngstown,Emergency Medicine,Mercy Health St. Elizabeth Youngstown,Psychiatry,Mercy Health St. Elizabeth Youngstown,Family Medicine,Mercy Health St. Elizabeth Youngstown,Elective,Generic Elective,16.7,Youngstown
173,Elective,Generic Elective,Emergency Medicine,Mercy Health St. Elizabeth Youngstown,Surgery,Mercy Health St. Elizabeth Youngstown,Obstetrics/Gynecology,OhioHealth Riverside Methodist Hospital,Internal Medicine,Mercy Health St. Elizabeth Youngstown,Internal Medicine,Mercy Health St. Elizabeth Youngstown,Family Medicine,Mercy Health St. Elizabeth Youngstown,Pediatrics,"Akron Children's Hospital, Beeghley",Psychiatry,Mercy Health St. Elizabeth Youngstown,162.2,Youngstown
174,Psychiatry,Mercy Health St. Elizabeth Youngstown,Pediatrics,"Akron Children's Hospital, Beeghley",Surgery,Mercy Health St. Elizabeth Youngstown,Emergency Medicine,Mercy Health St. Elizabeth Youngstown,Internal Medicine,Mercy Health St. Elizabeth Youngstown,Internal Medicine,Mercy Health St. Elizabeth Youngstown,Elective,Generic Elective,Obstetrics/Gynecology,Mercy Health St. Elizabeth Youngstown,Family Medicine,Mercy Health St. Elizabeth Youngstown,16.7,Youngstown
175,Psychiatry,Columbus VA Clinic,Pediatrics,"Akron Children's Hospital, Akron",Obstetrics/Gynecology,OhioHealth Riverside Methodist Hospital,Elective,Generic Elective,Surgery,OhioHealth Riverside Methodist Hospital,Emergency Medicine,Columbus VA Clinic,Internal Medicine,OhioHealth Riverside Methodist Hospital,Internal Medicine,OhioHealth Riverside Methodist Hospital,Family Medicine,Mount Carmel Health System,115.5,Columbus
176,Pediatrics,"Akron Children's Hospital, Beeghley",Family Medicine,Mercy Health St. Elizabeth Youngstown,Obstetrics/Gynecology,Mercy Health St. Elizabeth Youngstown,Psychiatry,Mercy Health St. Elizabeth Youngstown,Internal Medicine,Mercy Health St. Elizabeth Youngstown,Internal Medicine,Mercy Health St. Elizabeth Youngstown,Surgery,Mercy Health St. Elizabeth Youngstown,Emergency Medicine,Mercy Health St. Elizabeth Youngstown,Elective,Generic Elective,16.7,Youngstown
177,Family Medicine,Mercy Health St. Elizabeth Boardman,Elective,Generic Elective,Pediatrics,"Akron Children's Hospital, Beeghley",Psychiatry,Mercy Health St. Elizabeth Youngstown,Internal Medicine,UH Geauga Medical Center,Internal Medicine,UH Geauga Medical Center,Emergency Medicine,Mercy Health St. Elizabeth Youngstown,Surgery,Mercy Health St. Elizabeth Youngstown,Obstetrics/Gynecology,Mercy Health St. Elizabeth Youngstown,68,Youngstown
178,Elective,Generic Elective,Psychiatry,Mercy Health St. Elizabeth Youngstown,Internal Medicine,Mercy Health St. Elizabeth Youngstown,Internal Medicine,Mercy Health St. Elizabeth Youngstown,Surgery,Mercy Health St. Elizabeth Youngstown,Emergency Medicine,Mercy Health St. Elizabeth Youngstown,Family Medicine,Mercy Health St. Elizabeth Youngstown,Obstetrics/Gynecology,Mercy Health St. Elizabeth Youngstown,Pediatrics,"Akron Children's Hospital, Beeghley",16.7,Youngstown
179,Emergency Medicine,"Summa Health, Akron",Surgery,OhioHealth Riverside Methodist Hospital,Psychiatry,Columbus VA Clinic,Pediatrics,"Akron Children's Hospital, Akron",Internal Medicine,OhioHealth Riverside Methodist Hospital,Internal Medicine,OhioHealth Riverside Methodist Hospital,Family Medicine,Mount Carmel Health System,Obstetrics/Gynecology,OhioHealth Riverside Methodist Hospital,Elective,Generic Elective,116.2,Columbus
180,Pediatrics,The Christ Hospital,Psychiatry,The Christ Hospital,Internal Medicine,The Christ Hospital,Internal Medicine,The Christ Hospital,Surgery,The Christ Hospital,Emergency Medicine,The Christ Hospital,Family Medicine,The Christ Hospital,Obstetrics/Gynecology,The Christ Hospital,Elective,Generic Elective,0,Cincinnati
181,Pediatrics,The Christ Hospital,Psychiatry,The Christ Hospital,Family Medicine,The Christ Hospital,Elective,Generic Elective,Emergency Medicine,The Christ Hospital,Surgery,The Christ Hospital,Internal Medicine,The Christ Hospital,Internal Medicine,The Christ Hospital,Obstetrics/Gynecology,The Christ Hospital,0,Cincinnati
182,Internal Medicine,The Christ Hospital,Internal Medicine,The Christ Hospital,Pediatrics,The Christ Hospital,Psychiatry,The Christ Hospital,Family Medicine,The Christ Hospital,Obstetrics/Gynecology,The Christ Hospital,Surgery,The Christ Hospital,Emergency Medicine,The Christ Hospital,Elective,Generic Elective,0,Cincinnati
183,Pediatrics,The Christ Hospital,Family Medicine,The Christ Hospital,Emergency Medicine,The Christ Hospital,Surgery,The Christ Hospital,Internal Medicine,The Christ Hospital,Internal Medicine,The Christ Hospital,Obstetrics/Gynecology,The Christ Hospital,Psychiatry,The Christ Hospital,Elective,Generic Elective,0,Cincinnati
184,Internal Medicine,The Christ Hospital,Internal Medicine,The Christ Hospital,Surgery,The Christ Hospital,Emergency Medicine,The Christ Hospital,Obstetrics/Gynecology,The Christ Hospital,Family Medicine,The Christ Hospital,Pediatrics,The Christ Hospital,Psychiatry,The Christ Hospital,Elective,Generic Elective,0,Cincinnati
185,Elective,Generic Elective,Family Medicine,The Christ Hospital,Internal Medicine,The Christ Hospital,Internal Medicine,The Christ Hospital,Psychiatry,The Christ Hospital,Surgery,The Christ Hospital,Emergency Medicine,The Christ Hospital,Obstetrics/Gynecology,The Christ Hospital,Pediatrics,The Christ Hospital,0,Cincinnati
186,Internal Medicine,The Christ Hospital,Internal Medicine,The Christ Hospital,Psychiatry,The Christ Hospital,Family Medicine,The Christ Hospital,Pediatrics,The Christ Hospital,Obstetrics/Gynecology,The Christ Hospital,Elective,Generic Elective,Emergency Medicine,The Christ Hospital,Surgery,The Christ Hospital,0,Cincinnati
187,Internal Medicine,The Christ Hospital,Internal Medicine,The Christ Hospital,Psychiatry,The Christ Hospital,Pediatrics,The Christ Hospital,Surgery,The Christ Hospital,Emergency Medicine,The Christ Hospital,Obstetrics/Gynecology,The Christ Hospital,Elective,Generic Elective,Family Medicine,The Christ Hospital,0,Cincinnati
188,Internal Medicine,The Christ Hospital,Internal Medicine,The Christ Hospital,Obstetrics/Gynecology,The Christ Hospital,Psychiatry,The Christ Hospital,Family Medicine,The Christ Hospital,Pediatrics,The Christ Hospital,Elective,Generic Elective,Surgery,The Christ Hospital,Emergency Medicine,The Christ Hospital,0,Cincinnati
189,Internal Medicine,The Christ Hospital,Internal Medicine,The Christ Hospital,Pediatrics,The Christ Hospital,Family Medicine,The Christ Hospital,Psychiatry,The Christ Hospital,Elective,Generic Elective,Obstetrics/Gynecology,The Christ Hospital,Emergency Medicine,The Christ Hospital,Surgery,The Christ Hospital,0,Cincinnati
190,Obstetrics/Gynecology,The Christ Hospital,Pediatrics,The Christ Hospital,Internal Medicine,The Christ Hospital,Internal Medicine,The Christ Hospital,Family Medicine,The Christ Hospital,Emergency Medicine,The Christ Hospital,Surgery,The Christ Hospital,Psychiatry,The Christ Hospital,Elective,Generic Elective,0,Cincinnati
191,Psychiatry,The Christ Hospital,Elective,Generic Elective,Surgery,The Christ Hospital,Emergency Medicine,The Christ Hospital,Internal Medicine,The Christ Hospital,Internal Medicine,The Christ Hospital,Family Medicine,The Christ Hospital,Pediatrics,The Christ Hospital,Obstetrics/Gynecology,The Christ Hospital,0,Cincinnati
192,Obstetrics/Gynecology,The Christ Hospital,Pediatrics,The Christ Hospital,Internal Medicine,The Christ Hospital,Internal Medicine,The Christ Hospital,Elective,Generic Elective,Psychiatry,The Christ Hospital,Family Medicine,The Christ Hospital,Emergency Medicine,The Christ Hospital,Surgery,The Christ Hospital,0,Cincinnati
193,Elective,Generic Elective,Psychiatry,The Christ Hospital,Obstetrics/Gynecology,The Christ Hospital,Pediatrics,The Christ Hospital,Internal Medicine,The Christ Hospital,Internal Medicine,The Christ Hospital,Emergency Medicine,The Christ Hospital,Surgery,The Christ Hospital,Family Medicine,The Christ Hospital,0,Cincinnati
194,Psychiatry,The Christ Hospital,Obstetrics/Gynecology,The Christ Hospital,Internal Medicine,The Christ Hospital,Internal Medicine,The Christ Hospital,Elective,Generic Elective,Emergency Medicine,The Christ Hospital,Surgery,The Christ Hospital,Family Medicine,The Christ Hospital,Pediatrics,The Christ Hospital,0,Cincinnati
195,Internal Medicine,The Christ Hospital,Internal Medicine,The Christ Hospital,Pediatrics,The Christ Hospital,Emergency Medicine,The Christ Hospital,Surgery,The Christ Hospital,Psychiatry,The Christ Hospital,Elective,Generic Elective,Obstetrics/Gynecology,The Christ Hospital,Family Medicine,The Christ Hospital,0,Cincinnati
196,Obstetrics/Gynecology,The Christ Hospital,Pediatrics,The Christ Hospital,Internal Medicine,The Christ Hospital,Internal Medicine,The Christ Hospital,Elective,Generic Elective,Surgery,The Christ Hospital,Emergency Medicine,The Christ Hospital,Family Medicine,The Christ Hospital,Psychiatry,The Christ Hospital,0,Cincinnati
197,Surgery,The Christ Hospital,Emergency Medicine,The Christ Hospital,Elective,Generic Elective,Psychiatry,The Christ Hospital,Obstetrics/Gynecology,The Christ Hospital,Family Medicine,The Christ Hospital,Internal Medicine,The Christ Hospital,Internal Medicine,The Christ Hospital,Pediatrics,The Christ Hospital,0,Cincinnati
198,Surgery,The Christ Hospital,Emergency Medicine,The Christ Hospital,Elective,Generic Elective,Family Medicine,The Christ Hospital,Internal Medicine,The Christ Hospital,Internal Medicine,The Christ Hospital,Psychiatry,The Christ Hospital,Pediatrics,The Christ Hospital,Obstetrics/Gynecology,The Christ Hospital,0,Cincinnati
199,Family Medicine,The Christ Hospital,Obstetrics/Gynecology,The Christ Hospital,Emergency Medicine,The Christ Hospital,Surgery,The Christ Hospital,Internal Medicine,The Christ Hospital,Internal Medicine,The Christ Hospital,Psychiatry,The Christ Hospital,Pediatrics,The Christ Hospital,Elective,Generic Elective,0,Cincinnati
200,Emergency Medicine,The Christ Hospital,Surgery,The Christ Hospital,Family Medicine,The Christ Hospital,Pediatrics,The Christ Hospital,Psychiatry,The Christ Hospital,Obstetrics/Gynecology,The Christ Hospital,Internal Medicine,The Christ Hospital,Internal Medicine,The Christ Hospital,Elective,Generic Elective,0,Cincinnati
201,Psychiatry,The Christ Hospital,Obstetrics/Gynecology,The Christ Hospital,Family Medicine,The Christ Hospital,Elective,Generic Elective,Internal Medicine,The Christ Hospital,Internal Medicine,The Christ Hospital,Pediatrics,The Christ Hospital,Surgery,The Christ Hospital,Emergency Medicine,The Christ Hospital,0,Cincinnati
202,Surgery,The Christ Hospital,Emergency Medicine,The Christ Hospital,Internal Medicine,The Christ Hospital,Internal Medicine,The Christ Hospital,Obstetrics/Gynecology,The Christ Hospital,Pediatrics,The Christ Hospital,Psychiatry,The Christ Hospital,Family Medicine,The Christ Hospital,Elective,Generic Elective,0,Cincinnati
203,Elective,Generic Elective,Family Medicine,The Christ Hospital,Obstetrics/Gynecology,The Christ Hospital,Surgery,The Christ Hospital,Emergency Medicine,The Christ Hospital,Pediatrics,The Christ Hospital,Internal Medicine,The Christ Hospital,Internal Medicine,The Christ Hospital,Psychiatry,The Christ Hospital,0,Cincinnati
204,Family Medicine,The Christ Hospital,Surgery,The Christ Hospital,Emergency Medicine,The Christ Hospital,Obstetrics/Gynecology,The Christ Hospital,Pediatrics,The Christ Hospital,Psychiatry,The Christ Hospital,Internal Medicine,The Christ Hospital,Internal Medicine,The Christ Hospital,Elective,Generic Elective,0,Cincinnati
205,Family Medicine,The Christ Hospital,Emergency Medicine,The Christ Hospital,Surgery,The Christ Hospital,Obstetrics/Gynecology,The Christ Hospital,Internal Medicine,The Christ Hospital,Internal Medicine,The Christ Hospital,Pediatrics,The Christ Hospital,Elective,Generic Elective,Psychiatry,The Christ Hospital,0,Cincinnati
206,Emergency Medicine,The Christ Hospital,Surgery,The Christ Hospital,Psychiatry,The Christ Hospital,Obstetrics/Gynecology,The Christ Hospital,Pediatrics,The Christ Hospital,Family Medicine,The Christ Hospital,Internal Medicine,The Christ Hospital,Internal Medicine,The Christ Hospital,Elective,Generic Elective,0,Cincinnati
